Name,Age,Gender,JobRole,Experience,WorkHoursPerWeek,RemoteRatio,SatisfactionLevel,StressLevel,Burnout
Max Ivanov,32,Male,Analyst,3,60,21,4.4,1,0
Max Wang,40,Female,Engineer,9,47,67,2.09,2,0
Nina Petrov,33,Female,Engineer,2,44,20,2.58,3,0
John Ivanov,35,Female,Manager,6,44,70,3.23,8,0
John Wang,59,Male,Sales,8,38,46,4.41,1,0
Lily Smith,45,Female,Sales,11,44,90,4.31,7,0
Max Garcia,31,Male,Sales,5,70,30,2.18,3,0
Ivan Chen,39,Female,HR,17,31,53,3.95,4,0
Kate Johnson,24,Male,Analyst,0,63,35,1.32,5,0
Lily Wang,22,Male,Engineer,1,30,5,1.44,5,0
Sam Kim,24,Male,Manager,1,45,50,4.41,10,0
Max Wang,55,Male,HR,11,59,14,4.73,10,0
Nina Chen,55,Male,Manager,11,34,1,1.69,2,0
Lily Wang,53,Female,Sales,26,57,55,4.59,8,0
Alex Kim,25,Male,Sales,0,67,8,3.36,3,0
Ivan Wang,39,Female,Engineer,9,60,59,1.68,5,0
John Brown,44,Female,Analyst,13,70,72,1.68,1,0
Max Ivanov,60,Female,Sales,21,52,5,1.6,1,0
Dina Petrov,49,Male,Manager,16,70,15,2.75,5,0
Nina Ivanov,57,Male,Analyst,26,69,48,2.84,4,0
Alex Ivanov,30,Male,Engineer,9,45,27,3.61,3,0
Max Wang,23,Male,Engineer,2,31,10,4.04,2,0
Ivan Ivanov,54,Female,Engineer,11,45,71,3.06,7,0
Max Lee,28,Female,Sales,2,34,9,1.07,4,0
Lily Garcia,43,Female,Engineer,8,49,19,1.07,1,0
Kate Wang,41,Male,Manager,10,47,9,1.18,8,0
Sam Johnson,58,Male,Manager,16,40,5,3.72,9,0
Ivan Ivanov,24,Male,Analyst,2,52,96,4.04,4,0
John Petrov,42,Male,Manager,0,38,76,2.29,1,0
Max Ivanov,23,Female,Analyst,1,56,16,4.88,7,0
Kate Garcia,47,Male,Manager,12,45,81,1.56,1,0
Max Kim,46,Male,HR,11,67,95,2.74,4,0
Dina Wang,34,Male,Engineer,1,59,17,4.51,3,0
Kate Chen,47,Male,Manager,22,67,99,4.17,7,0
Max Kim,34,Female,Analyst,8,67,57,2.0,4,0
Nina Brown,40,Male,Engineer,0,69,76,2.19,6,0
Leo Johnson,29,Male,HR,2,31,90,1.23,4,0
Dina Wang,47,Male,Manager,13,32,66,2.82,2,0
Sam Kim,54,Male,Manager,27,48,41,4.41,4,0
Nina Smith,30,Male,HR,6,30,6,1.72,9,0
John Smith,42,Male,Sales,19,30,49,4.56,9,0
Alex Kim,49,Female,Engineer,12,47,60,3.22,4,0
Leo Ivanov,52,Female,Analyst,7,37,19,1.2,1,0
Leo Chen,43,Female,Sales,13,38,57,1.18,1,0
Dina Smith,55,Female,Engineer,4,69,92,4.61,9,0
Sam Johnson,52,Male,Analyst,6,65,40,4.04,3,0
Lily Smith,43,Male,Manager,5,69,25,1.13,7,0
John Kim,27,Female,Engineer,0,45,23,1.37,7,0
Alex Wang,60,Female,HR,10,67,94,4.77,2,0
Lily Johnson,42,Female,Manager,20,56,77,2.05,6,0
Max Wang,54,Female,Sales,10,37,97,1.26,10,0
Lily Johnson,25,Female,Manager,1,33,96,2.03,4,0
Sam Brown,59,Female,Analyst,15,31,13,3.28,2,0
Kate Kim,36,Female,Analyst,15,45,51,2.59,1,0
John Wang,47,Male,Manager,9,37,25,3.45,4,0
Max Brown,30,Male,Sales,1,64,82,2.35,6,0
Lily Kim,53,Female,HR,8,46,66,4.12,4,0
John Petrov,46,Female,Engineer,10,40,98,4.96,3,0
Sam Lee,59,Male,HR,38,65,13,2.18,6,0
Alex Chen,52,Male,Engineer,15,56,74,2.31,9,1
Alex Petrov,48,Female,Sales,2,51,72,3.92,10,0
John Brown,33,Male,HR,10,58,82,1.81,2,0
Dina Garcia,29,Female,Analyst,6,30,3,1.01,1,0
Sam Garcia,38,Male,Engineer,10,40,19,2.04,3,0
Dina Brown,44,Male,Manager,0,44,41,2.63,9,0
Kate Chen,49,Male,Analyst,5,44,98,4.29,9,0
Dina Brown,49,Male,Manager,25,55,25,3.31,2,0
Max Ivanov,37,Female,Sales,0,40,21,3.78,5,0
Nina Lee,31,Male,Manager,4,59,12,4.92,9,0
Max Brown,27,Female,Engineer,5,30,8,1.72,3,0
Max Chen,27,Male,HR,2,57,0,1.1,3,0
Kate Kim,56,Male,Sales,0,61,43,4.44,7,0
Ivan Johnson,32,Female,Engineer,2,46,61,2.56,9,0
Dina Chen,53,Female,Sales,5,39,98,3.94,8,0
Sam Brown,45,Male,Sales,24,31,36,3.47,1,0
Lily Johnson,55,Female,Engineer,1,43,42,4.68,2,0
Alex Johnson,44,Male,Engineer,21,53,44,1.68,3,0
Kate Wang,31,Female,HR,8,57,70,2.15,7,0
Max Brown,38,Male,Analyst,9,41,64,3.93,6,0
Sam Kim,46,Male,Manager,7,56,89,3.8,2,0
Nina Garcia,43,Male,Analyst,0,45,6,3.28,3,0
Kate Petrov,39,Male,Engineer,1,67,55,1.6,3,0
Kate Petrov,45,Male,Manager,0,60,81,3.68,2,0
Alex Lee,36,Female,Engineer,2,42,57,2.84,1,0
Lily Petrov,49,Male,Analyst,5,63,14,3.81,10,0
Alex Wang,44,Female,Analyst,13,58,18,1.18,6,0
Lily Smith,40,Male,Sales,2,53,72,2.73,9,1
Lily Chen,35,Female,Analyst,6,61,24,4.35,5,0
Alex Ivanov,42,Female,Sales,0,42,69,3.17,5,0
Alex Johnson,27,Male,Engineer,3,68,98,4.82,3,0
Kate Petrov,42,Male,Engineer,11,58,83,4.38,10,0
Max Petrov,48,Male,HR,12,52,10,1.19,10,1
Max Lee,55,Male,Engineer,22,30,50,1.78,4,0
John Garcia,36,Female,Sales,8,33,83,4.79,6,0
Alex Chen,54,Female,Engineer,0,42,86,4.4,10,0
Dina Brown,55,Female,Analyst,8,38,32,2.47,8,0
Leo Garcia,42,Female,Engineer,21,45,70,2.13,10,0
Sam Kim,36,Female,Manager,1,54,39,3.27,8,0
John Smith,50,Male,Analyst,0,52,53,2.26,6,0
John Johnson,25,Female,Engineer,3,33,16,3.26,6,0
Alex Wang,33,Female,Manager,3,37,2,1.47,10,0
Dina Garcia,55,Female,Manager,34,33,39,4.08,5,0
Leo Johnson,51,Male,Sales,8,40,77,2.07,10,0
Sam Garcia,27,Female,Sales,2,68,28,2.99,4,0
John Petrov,38,Female,Manager,10,58,42,4.39,8,0
Lily Kim,29,Male,Engineer,7,52,79,3.27,7,0
Sam Wang,57,Male,HR,33,30,23,3.26,8,0
Kate Wang,33,Female,Analyst,3,35,73,1.87,8,0
Ivan Kim,43,Female,Sales,20,42,96,1.1,7,0
Max Chen,42,Male,HR,3,45,90,2.06,6,0
Max Smith,36,Male,HR,15,41,54,4.64,9,0
Ivan Garcia,35,Male,Engineer,14,66,88,4.31,9,0
John Ivanov,35,Female,Engineer,13,35,27,2.57,5,0
John Garcia,36,Female,Sales,0,47,15,4.59,8,0
Lily Smith,53,Male,HR,1,70,32,3.95,2,0
Dina Brown,54,Male,Engineer,10,50,2,1.83,7,0
Nina Brown,46,Female,Analyst,10,33,96,3.65,5,0
John Chen,33,Male,Sales,4,35,33,1.22,8,0
Alex Lee,41,Male,Analyst,3,48,29,3.48,4,0
John Johnson,44,Male,Sales,16,66,94,2.73,7,0
Max Garcia,31,Male,Sales,7,61,0,4.43,4,0
Ivan Brown,38,Male,Sales,0,43,36,1.08,2,0
Kate Wang,42,Female,Manager,2,60,13,4.74,10,0
Max Brown,46,Female,Manager,8,32,46,2.24,7,0
Nina Garcia,35,Male,Engineer,6,48,46,2.23,2,0
John Kim,47,Male,HR,21,34,30,4.94,2,0
Kate Johnson,38,Female,Analyst,3,36,16,2.6,1,0
Max Garcia,49,Male,HR,21,69,81,2.1,1,0
Dina Johnson,54,Female,Engineer,23,36,17,1.86,6,0
Kate Lee,42,Male,Sales,1,38,97,5.0,6,0
Ivan Kim,60,Female,HR,14,67,37,3.56,3,0
Lily Wang,28,Female,Sales,5,33,40,3.5,7,0
John Brown,47,Male,Engineer,26,50,58,3.11,6,0
Kate Garcia,36,Female,Engineer,12,31,15,2.18,9,0
Lily Brown,22,Female,Analyst,0,69,71,4.5,8,0
Dina Ivanov,41,Male,Analyst,19,63,12,2.73,4,0
Lily Garcia,52,Male,Engineer,24,33,46,2.34,8,0
Nina Petrov,28,Female,Sales,4,66,64,4.94,9,0
Nina Petrov,22,Female,Manager,0,36,18,1.33,1,0
Sam Kim,35,Male,Manager,2,39,35,1.28,2,0
Kate Lee,35,Female,Sales,7,52,8,1.5,4,0
Nina Lee,58,Male,Engineer,14,66,69,3.0,10,0
Lily Petrov,42,Female,HR,3,39,20,1.11,4,0
Leo Chen,31,Female,Manager,7,57,72,3.23,4,0
Alex Chen,58,Male,Sales,26,39,89,1.25,5,0
Nina Chen,51,Female,HR,28,34,54,1.6,4,0
Alex Ivanov,47,Male,Engineer,14,59,80,1.66,9,1
Nina Chen,32,Female,Engineer,9,59,95,1.35,7,0
Dina Chen,36,Female,Engineer,10,67,94,4.66,9,0
Sam Johnson,48,Male,HR,11,65,54,3.3,4,0
Sam Lee,32,Female,Engineer,5,66,50,4.26,6,0
John Brown,31,Female,HR,6,34,55,4.12,3,0
Nina Kim,23,Male,Manager,1,55,56,3.53,2,0
Lily Petrov,46,Female,Analyst,14,62,36,3.49,3,0
Leo Brown,24,Male,Manager,1,54,62,1.79,5,0
Kate Ivanov,60,Female,Engineer,17,46,36,4.59,5,0
Sam Petrov,57,Male,HR,35,52,64,3.81,2,0
Ivan Brown,32,Female,Engineer,8,31,0,3.1,3,0
Max Wang,43,Male,Sales,22,65,88,2.18,9,1
Nina Smith,40,Male,Manager,10,59,79,2.86,5,0
Max Petrov,44,Female,Engineer,10,70,59,1.84,1,0
Nina Smith,52,Male,Analyst,0,60,85,1.26,10,1
Dina Wang,47,Female,Engineer,22,56,1,1.26,1,0
Kate Lee,39,Male,Analyst,12,60,74,1.83,3,0
Alex Petrov,30,Male,Sales,1,46,62,2.77,1,0
Lily Lee,26,Male,Engineer,4,40,22,2.8,7,0
John Ivanov,28,Female,Analyst,5,51,15,4.43,9,0
Lily Johnson,39,Male,Analyst,4,34,73,3.32,10,0
Alex Brown,28,Female,Engineer,0,35,42,4.41,5,0
Leo Wang,44,Female,Engineer,18,53,61,2.05,1,0
Nina Lee,45,Female,HR,18,60,57,1.52,9,1
Sam Brown,29,Female,Engineer,7,31,8,1.99,9,0
Sam Kim,50,Female,HR,28,54,41,4.84,8,0
Nina Wang,39,Male,Manager,10,32,79,4.88,10,0
Max Lee,58,Female,Manager,33,58,8,3.18,9,0
Sam Smith,34,Male,Analyst,2,59,7,3.4,5,0
John Petrov,44,Male,HR,7,57,47,1.19,3,0
John Petrov,39,Female,Manager,15,38,25,1.93,7,0
Kate Kim,49,Male,HR,5,33,34,1.93,7,0
Leo Wang,41,Male,Manager,11,46,47,2.55,10,0
Sam Kim,43,Female,Manager,9,50,35,2.32,6,0
Nina Smith,42,Female,Manager,8,43,35,4.51,3,0
Ivan Smith,51,Male,Engineer,15,30,62,4.24,3,0
Lily Wang,50,Female,HR,14,32,13,3.19,6,0
John Ivanov,49,Female,HR,8,44,58,3.2,3,0
Ivan Ivanov,29,Female,Analyst,1,66,39,3.91,9,0
Lily Wang,38,Female,Analyst,5,45,83,1.42,3,0
Nina Smith,25,Female,HR,4,63,66,4.48,2,0
Dina Smith,22,Male,Manager,0,56,17,1.04,9,1
Kate Kim,38,Male,Manager,0,39,35,1.55,9,0
Nina Kim,34,Female,HR,13,43,11,1.64,4,0
Kate Brown,59,Male,Engineer,26,62,80,3.96,9,0
John Chen,29,Male,Analyst,4,35,33,4.22,8,0
Dina Lee,35,Female,Sales,1,30,66,3.7,9,0
Kate Johnson,33,Male,Sales,0,33,82,4.99,8,0
Dina Wang,35,Male,Analyst,14,51,16,3.1,2,0
Nina Kim,22,Male,Sales,0,64,35,4.34,6,0
Max Johnson,33,Female,HR,5,59,71,1.18,4,0
Max Kim,31,Male,Manager,7,55,48,2.35,3,0
Dina Lee,40,Male,Manager,8,68,62,2.02,9,1
Kate Lee,56,Male,Manager,13,37,72,1.02,8,0
Kate Lee,26,Female,Analyst,5,47,44,3.65,4,0
John Wang,50,Female,Manager,17,52,97,3.02,2,0
Lily Garcia,52,Female,Manager,10,34,77,1.64,8,0
Leo Lee,59,Male,Analyst,30,43,73,2.0,3,0
Lily Chen,37,Female,Sales,16,48,52,1.86,8,0
Leo Garcia,26,Male,Manager,0,42,34,3.08,5,0
Max Lee,51,Female,Manager,7,31,37,3.57,5,0
Nina Garcia,27,Male,Manager,3,55,49,2.47,1,0
Max Lee,38,Male,Sales,12,54,65,1.53,7,0
Ivan Garcia,49,Male,Sales,5,53,100,3.9,8,0
Alex Kim,32,Male,Sales,2,55,44,2.16,8,1
Kate Brown,38,Male,HR,0,52,19,2.33,6,0
Dina Garcia,60,Male,Analyst,22,49,31,1.66,10,0
Alex Chen,46,Female,Manager,4,38,78,4.57,7,0
Sam Wang,56,Male,Sales,11,32,64,1.81,10,0
Alex Garcia,36,Male,Analyst,0,44,56,1.96,9,0
Dina Garcia,55,Male,Analyst,1,69,86,1.84,10,1
Lily Smith,50,Female,Analyst,22,67,42,3.62,5,0
Dina Johnson,58,Female,Engineer,15,68,12,3.59,9,0
Ivan Wang,50,Female,Manager,12,51,92,4.1,4,0
Alex Kim,26,Female,HR,1,63,29,4.91,4,0
Lily Ivanov,44,Female,Manager,1,65,56,3.6,7,0
Leo Ivanov,54,Female,Engineer,1,43,34,4.89,1,0
Ivan Ivanov,39,Male,HR,8,58,14,2.52,5,0
Nina Wang,25,Female,Engineer,4,46,95,3.34,4,0
Lily Ivanov,44,Female,Manager,21,53,7,3.59,9,0
John Ivanov,34,Male,Engineer,11,63,22,1.47,5,0
John Garcia,23,Female,Engineer,1,61,92,4.08,9,0
Alex Smith,55,Male,Manager,2,70,58,1.6,7,0
Max Ivanov,28,Female,Engineer,6,45,95,2.3,6,0
Ivan Brown,25,Male,Sales,4,67,58,3.98,5,0
Max Wang,32,Male,HR,2,31,90,2.0,10,0
Alex Petrov,45,Male,Analyst,7,32,52,4.46,6,0
Alex Johnson,36,Female,Manager,15,39,56,2.65,5,0
Dina Johnson,34,Male,Analyst,0,36,27,3.32,7,0
Alex Johnson,52,Male,Sales,8,61,23,1.24,10,1
John Garcia,44,Male,Manager,1,32,45,1.08,4,0
Max Brown,52,Male,Sales,8,59,57,1.03,7,0
Kate Chen,53,Female,Manager,2,53,35,2.7,1,0
Sam Kim,45,Female,HR,5,49,73,1.16,5,0
Alex Ivanov,42,Male,Analyst,18,47,66,2.33,10,0
Kate Brown,37,Male,Manager,6,31,77,3.7,5,0
Ivan Wang,45,Male,Analyst,18,36,51,3.03,3,0
Alex Johnson,45,Male,Manager,20,45,3,1.4,2,0
Lily Lee,25,Male,Engineer,0,40,30,4.01,10,0
Alex Kim,31,Female,Analyst,7,41,10,2.72,10,0
John Johnson,27,Male,Analyst,3,30,50,4.73,2,0
Dina Lee,22,Male,Sales,0,68,22,1.26,1,0
Alex Kim,54,Male,Analyst,17,36,100,3.38,1,0
John Garcia,29,Male,Manager,0,51,16,1.63,6,0
Max Johnson,27,Female,HR,5,47,46,3.5,2,0
Sam Brown,50,Male,Sales,3,42,47,4.59,1,0
Dina Petrov,37,Female,Analyst,0,46,66,3.3,10,0
Alex Brown,45,Male,Manager,4,38,80,4.14,7,0
Alex Garcia,31,Male,Manager,3,32,34,2.62,2,0
John Brown,52,Male,HR,23,49,53,2.77,9,0
Kate Lee,54,Male,Analyst,0,38,43,2.66,2,0
Dina Wang,38,Female,Manager,12,37,15,3.13,10,0
Alex Ivanov,40,Male,Manager,5,52,77,4.85,6,0
Ivan Kim,47,Female,Manager,20,64,61,2.76,2,0
Kate Brown,49,Male,Sales,20,43,16,3.18,7,0
Alex Kim,31,Female,Analyst,2,51,75,3.07,7,0
John Petrov,59,Male,HR,25,39,81,4.45,6,0
Sam Garcia,22,Female,Sales,0,40,46,3.57,8,0
Max Brown,45,Female,Analyst,6,35,19,1.33,1,0
Lily Smith,35,Female,Analyst,1,50,22,4.02,10,0
Dina Ivanov,26,Female,Sales,3,67,31,4.35,10,0
John Ivanov,48,Male,Manager,18,62,41,1.09,9,1
Sam Ivanov,37,Female,Sales,16,69,6,4.33,7,0
Alex Petrov,43,Male,Engineer,6,62,60,3.88,7,0
Sam Ivanov,33,Male,Sales,7,43,82,1.79,3,0
Max Wang,38,Male,Analyst,16,31,4,3.21,1,0
Alex Ivanov,57,Male,Sales,15,61,26,3.82,1,0
Alex Garcia,44,Male,Engineer,14,70,9,2.2,5,0
Nina Smith,26,Female,Engineer,2,60,12,3.57,5,0
John Wang,50,Female,Sales,24,31,60,2.87,5,0
Nina Garcia,42,Female,Sales,11,43,12,4.2,3,0
Lily Lee,47,Male,Engineer,10,40,62,1.25,4,0
Lily Lee,24,Male,Manager,0,54,64,4.17,8,0
Kate Chen,52,Female,Sales,18,51,21,1.78,7,0
Nina Lee,45,Male,Analyst,9,58,46,3.33,6,0
Sam Brown,22,Female,Engineer,0,48,33,2.37,3,0
Nina Brown,52,Female,Manager,18,54,99,4.98,7,0
Nina Ivanov,59,Male,Analyst,2,66,83,3.34,6,0
Kate Ivanov,43,Female,Analyst,8,65,53,1.7,5,0
Max Johnson,53,Female,Sales,12,64,14,4.0,4,0
Leo Chen,24,Female,Analyst,1,50,90,1.52,7,0
Lily Johnson,28,Female,Analyst,7,44,82,1.85,2,0
Kate Petrov,44,Female,HR,20,40,74,4.17,6,0
Sam Smith,42,Female,Analyst,16,30,73,3.74,3,0
Kate Smith,28,Female,Analyst,2,43,5,4.08,8,0
Leo Chen,43,Male,Analyst,3,52,8,4.66,6,0
Max Wang,30,Male,Sales,0,46,14,2.13,7,0
Sam Brown,24,Female,Sales,1,43,89,2.45,7,0
Alex Kim,31,Female,Analyst,7,40,27,3.29,9,0
Lily Lee,57,Female,Engineer,11,61,50,2.71,9,1
Sam Ivanov,40,Female,HR,1,64,42,3.23,1,0
Lily Smith,34,Female,Sales,9,50,13,2.41,8,0
Kate Kim,59,Female,Analyst,37,51,94,2.41,2,0
Sam Johnson,42,Female,Analyst,18,31,82,2.27,5,0
Max Garcia,57,Male,Engineer,23,41,7,1.31,1,0
Alex Smith,24,Female,Engineer,0,48,26,4.3,7,0
Lily Kim,58,Female,Sales,11,43,15,4.95,4,0
Dina Petrov,41,Male,HR,20,46,27,4.72,2,0
John Petrov,28,Male,Engineer,1,33,55,4.88,1,0
Max Smith,53,Female,HR,32,51,11,2.36,3,0
Sam Ivanov,31,Male,Manager,3,40,49,4.08,10,0
Nina Chen,55,Female,Analyst,7,40,2,4.78,1,0
Nina Kim,44,Female,Manager,14,65,96,3.4,2,0
Alex Wang,40,Female,Analyst,17,49,95,2.33,2,0
Kate Lee,49,Male,Analyst,18,62,69,4.93,5,0
John Brown,22,Male,Engineer,1,64,94,4.05,1,0
Dina Brown,47,Female,Manager,9,50,6,1.39,10,0
Max Johnson,55,Male,Analyst,2,42,54,3.85,10,0
Max Lee,46,Male,Engineer,22,60,40,3.33,5,0
Sam Brown,23,Female,Manager,2,45,81,3.72,4,0
Leo Wang,46,Male,Manager,2,48,53,4.39,3,0
Leo Lee,33,Female,HR,7,46,82,1.49,5,0
Alex Kim,27,Male,Manager,4,68,66,2.72,7,0
John Garcia,29,Female,HR,3,68,41,3.48,1,0
Sam Lee,25,Female,Sales,1,50,98,3.62,8,0
Nina Johnson,25,Male,HR,4,51,34,2.32,1,0
John Brown,37,Male,Analyst,11,58,22,1.53,2,0
Alex Smith,28,Female,HR,2,59,42,2.92,9,1
Ivan Lee,33,Male,Sales,5,56,32,3.88,6,0
John Kim,30,Female,Manager,3,38,9,3.66,1,0
John Brown,46,Male,Analyst,2,69,42,1.9,10,1
Kate Lee,37,Female,Engineer,14,61,0,1.49,6,0
Alex Ivanov,52,Female,Sales,22,51,65,4.86,7,0
Nina Wang,27,Female,Analyst,5,44,63,3.92,8,0
Dina Garcia,25,Male,Analyst,3,68,50,3.14,4,0
Nina Brown,35,Male,Analyst,12,39,35,2.42,5,0
Ivan Johnson,52,Male,Engineer,8,61,100,1.93,10,1
Lily Kim,37,Female,HR,2,63,96,1.64,7,0
Alex Kim,44,Female,Sales,9,33,30,4.73,5,0
Dina Chen,49,Male,Analyst,25,61,82,2.16,5,0
Max Wang,45,Female,Manager,13,65,60,3.22,8,0
Dina Garcia,23,Male,Analyst,0,60,53,4.14,5,0
Sam Ivanov,60,Male,HR,33,70,55,3.83,7,0
Dina Brown,57,Female,Analyst,1,61,31,2.38,5,0
Dina Garcia,36,Female,Sales,2,54,35,4.66,9,0
Alex Johnson,29,Male,HR,2,47,86,2.04,3,0
John Johnson,53,Female,Engineer,5,60,23,4.2,5,0
Kate Wang,40,Female,HR,9,44,68,4.88,3,0
Sam Kim,58,Male,Sales,4,62,74,2.23,3,0
John Lee,47,Male,Analyst,1,69,61,3.18,9,0
Sam Johnson,25,Male,Analyst,2,40,53,3.99,6,0
Nina Kim,48,Female,Manager,11,60,86,1.33,3,0
Max Johnson,27,Male,Analyst,4,67,73,2.03,1,0
Lily Ivanov,44,Male,Sales,6,63,51,3.27,4,0
John Brown,32,Female,Analyst,4,34,44,2.8,2,0
Lily Garcia,28,Female,Manager,6,48,77,3.65,9,0
Max Wang,28,Male,Manager,7,62,37,2.29,8,1
John Lee,47,Female,Analyst,24,56,85,1.4,9,1
Dina Wang,27,Male,HR,3,68,84,2.65,1,0
Kate Brown,40,Female,HR,19,32,1,4.01,6,0
Max Chen,48,Female,HR,18,32,86,3.06,6,0
Lily Kim,37,Male,Engineer,0,45,25,3.69,10,0
Kate Garcia,31,Female,HR,2,42,42,3.61,7,0
John Johnson,49,Female,Analyst,17,57,94,4.85,9,0
Lily Smith,47,Female,Sales,20,39,8,1.66,4,0
Kate Lee,55,Male,HR,18,30,11,4.76,6,0
Leo Smith,32,Female,Sales,5,67,17,3.42,8,0
Max Smith,38,Male,Analyst,5,45,53,4.33,7,0
John Johnson,59,Male,Sales,14,70,1,2.73,2,0
Alex Wang,40,Female,HR,3,58,60,4.87,6,0
Sam Brown,59,Female,HR,8,59,74,2.34,5,0
John Ivanov,59,Male,Engineer,20,63,24,2.16,8,1
Sam Kim,25,Female,HR,4,44,74,1.1,4,0
Dina Garcia,23,Female,Sales,2,48,64,3.36,7,0
Nina Brown,43,Female,Manager,15,59,88,4.37,7,0
Kate Lee,45,Female,HR,15,32,16,1.93,5,0
Kate Ivanov,31,Female,Sales,2,52,61,4.03,9,0
Nina Smith,27,Female,Analyst,1,63,12,2.74,7,0
Lily Petrov,37,Male,Sales,1,52,72,4.69,6,0
Ivan Wang,60,Male,Analyst,28,47,59,2.59,9,0
Lily Brown,37,Female,Engineer,4,48,0,3.23,4,0
Kate Lee,29,Male,Manager,5,41,26,1.09,1,0
Dina Smith,57,Male,Sales,8,51,52,1.85,10,1
Alex Johnson,46,Female,Manager,17,61,64,2.26,1,0
John Wang,51,Male,Engineer,6,63,11,1.28,6,0
Ivan Johnson,57,Female,Manager,8,37,10,3.35,2,0
Kate Kim,31,Male,HR,1,67,87,4.85,6,0
Alex Lee,42,Male,Engineer,9,37,82,1.48,4,0
Dina Garcia,26,Male,HR,5,38,52,1.99,7,0
Lily Smith,49,Female,Analyst,11,49,6,2.66,4,0
Nina Kim,27,Female,Manager,0,35,25,2.79,4,0
Alex Garcia,46,Male,Sales,25,58,93,4.21,3,0
Leo Chen,25,Male,HR,4,69,9,3.87,5,0
Dina Petrov,44,Male,HR,12,36,91,2.44,6,0
Leo Kim,45,Female,Sales,0,65,59,1.82,5,0
Dina Johnson,34,Female,Manager,11,53,20,3.35,10,0
Ivan Johnson,24,Male,Analyst,2,37,79,1.06,5,0
Ivan Johnson,57,Male,Manager,35,47,97,2.31,3,0
Dina Kim,60,Male,Manager,2,68,46,2.3,8,1
Ivan Wang,26,Male,Manager,4,34,32,2.82,5,0
Ivan Smith,55,Male,Analyst,11,47,4,4.96,2,0
John Petrov,36,Female,Sales,8,56,57,4.63,2,0
John Chen,36,Male,Sales,14,49,35,1.23,4,0
Kate Ivanov,44,Male,Engineer,19,45,47,1.94,6,0
John Chen,29,Male,Analyst,6,45,85,2.41,9,0
Nina Johnson,39,Female,HR,18,44,72,4.25,8,0
Dina Smith,59,Female,Manager,11,49,66,1.56,2,0
Lily Lee,40,Male,HR,10,66,0,3.6,4,0
Leo Smith,23,Male,Engineer,2,67,4,4.15,9,0
Lily Petrov,60,Male,Analyst,36,60,34,4.16,9,0
Kate Wang,52,Male,Sales,2,70,27,2.76,5,0
Kate Smith,42,Female,HR,15,54,65,1.39,9,1
Alex Lee,60,Female,HR,29,61,98,3.72,4,0
Sam Johnson,42,Female,Manager,19,43,52,2.98,1,0
Kate Chen,53,Female,Manager,7,53,91,2.9,10,1
Nina Kim,43,Female,HR,14,54,87,2.78,2,0
Kate Ivanov,38,Female,Manager,13,36,82,4.33,2,0
Sam Brown,24,Male,Manager,0,49,73,4.1,5,0
Ivan Kim,24,Female,HR,2,36,16,4.33,6,0
Leo Garcia,36,Male,Engineer,0,67,0,3.85,3,0
Max Ivanov,60,Male,Manager,39,46,27,3.78,2,0
Lily Smith,41,Female,Analyst,20,52,70,4.56,5,0
Nina Garcia,57,Male,Manager,28,40,56,1.98,1,0
John Chen,36,Male,Engineer,5,42,58,2.68,5,0
Leo Brown,35,Male,HR,13,64,99,2.4,5,0
John Ivanov,56,Female,Engineer,24,70,94,4.42,4,0
Nina Brown,47,Female,Sales,1,41,39,2.75,6,0
Lily Smith,38,Female,Manager,7,44,57,4.87,3,0
Max Garcia,45,Male,Analyst,5,67,43,3.56,10,0
Alex Chen,35,Female,Manager,6,69,6,4.37,8,0
Lily Wang,23,Male,Analyst,0,43,16,4.38,8,0
Ivan Kim,55,Male,Manager,15,50,9,2.64,2,0
Kate Kim,56,Female,Sales,6,49,5,3.38,2,0
Sam Lee,40,Male,Engineer,14,56,64,1.57,9,1
Dina Kim,30,Male,Engineer,0,43,81,2.22,2,0
Lily Wang,26,Male,Analyst,4,53,84,4.68,8,0
Dina Petrov,46,Female,Manager,14,51,91,3.45,4,0
Max Wang,35,Male,Sales,1,70,49,4.29,8,0
Kate Brown,24,Male,Manager,3,63,84,4.62,6,0
Dina Chen,23,Male,HR,0,60,99,4.06,5,0
Alex Brown,47,Male,Manager,19,42,5,4.82,6,0
Sam Brown,29,Female,Manager,8,37,36,3.82,2,0
Lily Smith,25,Female,Manager,1,36,49,2.08,7,0
Nina Ivanov,31,Female,Analyst,2,40,94,1.28,7,0
Sam Garcia,47,Male,Engineer,2,44,10,2.16,3,0
Ivan Wang,36,Male,Sales,11,48,79,2.86,9,0
Sam Johnson,33,Male,Manager,8,37,84,1.03,8,0
Alex Petrov,60,Male,Manager,37,63,25,3.01,9,0
Kate Kim,23,Female,Engineer,0,70,98,1.45,9,1
Kate Brown,53,Female,HR,7,60,62,2.37,9,1
Dina Chen,43,Male,Engineer,0,67,15,3.25,2,0
Sam Ivanov,36,Female,Sales,11,68,82,2.67,5,0
Nina Chen,58,Female,Analyst,24,49,92,4.28,6,0
Nina Ivanov,36,Female,Manager,0,53,26,3.64,8,0
Kate Petrov,22,Female,Manager,1,47,5,1.8,5,0
Nina Lee,28,Female,Sales,6,51,89,1.12,9,1
Leo Kim,26,Female,HR,5,56,1,1.17,7,0
Sam Lee,41,Female,Sales,19,58,30,4.27,8,0
Kate Brown,43,Male,Analyst,12,62,4,4.69,10,0
Nina Lee,60,Male,Analyst,21,64,62,1.87,3,0
Lily Ivanov,30,Female,HR,9,64,28,3.59,7,0
Kate Wang,49,Female,HR,7,64,98,1.13,5,0
Sam Garcia,25,Female,Sales,2,50,15,3.68,7,0
Alex Lee,42,Female,Sales,19,43,45,2.25,3,0
Dina Wang,25,Male,Analyst,2,41,77,1.19,7,0
Ivan Petrov,27,Female,Manager,0,53,70,4.36,3,0
Leo Johnson,26,Male,Manager,4,57,79,2.51,9,1
Lily Petrov,46,Male,Analyst,24,53,82,1.9,6,0
Kate Wang,23,Female,Sales,0,49,0,1.35,9,0
Leo Kim,23,Male,Sales,2,61,75,1.47,5,0
Lily Lee,56,Female,Analyst,21,49,58,1.75,2,0
Dina Johnson,51,Female,Sales,15,38,74,1.59,4,0
Leo Petrov,60,Male,Sales,28,48,2,4.57,6,0
Lily Wang,45,Female,Analyst,11,53,92,2.18,7,0
Ivan Wang,39,Female,Sales,6,51,88,1.92,9,1
Dina Ivanov,58,Male,HR,32,57,87,1.76,5,0
Sam Smith,54,Male,Sales,2,61,18,3.39,10,0
Nina Johnson,29,Male,Sales,8,62,66,4.08,5,0
Lily Kim,23,Male,Sales,2,46,63,4.55,3,0
Alex Johnson,56,Male,Sales,1,70,43,1.26,4,0
Alex Garcia,60,Male,HR,37,48,14,1.84,4,0
Sam Johnson,59,Male,Engineer,24,48,20,1.93,1,0
Lily Lee,53,Male,HR,22,68,53,4.44,8,0
Leo Wang,43,Male,Manager,6,38,64,3.07,8,0
Dina Chen,45,Male,Engineer,24,66,21,2.17,3,0
Nina Ivanov,25,Male,Manager,0,42,48,4.41,8,0
Sam Lee,41,Female,Engineer,3,41,13,2.07,6,0
Max Kim,58,Female,Sales,28,41,98,4.59,7,0
Alex Ivanov,56,Female,Sales,11,52,74,2.35,7,0
Sam Smith,31,Female,Engineer,4,54,79,4.11,3,0
Nina Ivanov,47,Male,Engineer,23,32,76,1.85,2,0
Ivan Smith,57,Female,Sales,0,48,24,3.45,10,0
Alex Kim,55,Male,Analyst,16,43,62,4.95,9,0
Alex Lee,52,Male,Analyst,5,36,23,4.75,9,0
Lily Wang,35,Male,Analyst,3,64,6,3.39,2,0
Kate Brown,40,Female,Sales,12,66,3,2.54,2,0
John Chen,32,Male,Analyst,7,53,79,1.12,1,0
Alex Petrov,44,Male,Engineer,5,58,99,1.75,4,0
Lily Ivanov,26,Female,Manager,4,55,87,4.16,6,0
Dina Chen,38,Female,Manager,9,41,60,2.64,2,0
Ivan Wang,53,Female,Manager,4,54,46,4.75,7,0
Max Petrov,23,Male,Engineer,1,68,92,2.06,10,1
Ivan Garcia,56,Male,HR,30,39,27,1.13,5,0
Sam Wang,56,Male,Manager,35,69,8,3.71,7,0
John Smith,33,Male,Sales,11,37,11,4.62,5,0
Leo Johnson,45,Female,Engineer,11,45,81,1.11,3,0
Kate Ivanov,23,Female,Sales,2,49,93,1.82,4,0
Lily Ivanov,43,Female,HR,0,41,23,4.86,4,0
Sam Ivanov,27,Male,HR,5,64,78,1.1,3,0
Kate Ivanov,44,Male,Engineer,20,46,18,1.13,2,0
Ivan Petrov,49,Male,Engineer,4,55,85,2.42,9,1
Leo Wang,55,Male,HR,1,31,17,2.19,2,0
Kate Brown,57,Female,Sales,35,53,17,2.2,1,0
Lily Wang,37,Male,Analyst,11,50,82,3.24,7,0
John Garcia,46,Male,Analyst,13,47,21,2.83,8,0
Max Ivanov,22,Male,HR,0,38,11,1.86,9,0
Ivan Chen,56,Male,Engineer,0,63,61,3.5,2,0
Leo Ivanov,24,Male,HR,2,66,14,3.26,2,0
Ivan Garcia,57,Female,Analyst,27,60,90,1.22,1,0
Nina Ivanov,35,Female,HR,13,62,66,3.99,6,0
Alex Garcia,29,Male,Sales,5,51,3,4.02,6,0
Sam Petrov,35,Male,HR,14,69,81,1.88,6,0
Alex Wang,37,Female,Engineer,12,51,43,3.1,7,0
Max Wang,51,Male,Sales,22,40,1,2.53,1,0
Alex Garcia,29,Male,Analyst,1,37,1,4.01,1,0
Max Garcia,38,Male,HR,5,65,62,4.98,6,0
John Wang,50,Female,Analyst,23,38,89,2.2,5,0
Nina Smith,29,Female,HR,1,53,98,3.74,3,0
Ivan Petrov,42,Female,Manager,2,54,64,1.48,2,0
Nina Ivanov,37,Male,HR,5,69,100,3.51,3,0
Ivan Chen,53,Male,Manager,12,33,5,2.24,9,0
Alex Kim,25,Female,Manager,1,37,68,3.75,9,0
Max Ivanov,38,Male,Engineer,7,59,43,4.45,1,0
Nina Chen,32,Female,HR,2,61,99,1.87,2,0
Ivan Ivanov,30,Male,Engineer,0,41,34,2.59,2,0
Sam Johnson,26,Male,Manager,1,49,94,1.41,8,0
Leo Chen,28,Female,Engineer,3,39,66,2.65,6,0
Ivan Lee,58,Male,Analyst,4,50,51,1.73,7,0
Max Chen,51,Male,Sales,30,42,38,1.96,1,0
Leo Smith,60,Male,Analyst,19,60,35,2.5,8,1
Alex Smith,34,Male,Sales,3,37,69,1.21,8,0
Kate Petrov,34,Female,HR,2,39,38,4.09,7,0
Sam Petrov,52,Male,Sales,13,57,77,2.77,9,1
Ivan Wang,55,Female,Manager,31,46,16,2.97,3,0
Leo Kim,57,Male,Engineer,5,48,50,1.87,2,0
Ivan Wang,59,Male,Manager,28,34,89,1.47,8,0
Nina Wang,42,Female,Manager,17,36,91,2.07,8,0
Max Kim,37,Female,HR,2,50,61,3.32,9,0
Lily Kim,44,Female,Analyst,6,51,58,2.15,5,0
Lily Chen,29,Male,HR,0,57,19,3.37,5,0
Alex Johnson,33,Female,Engineer,7,35,87,3.81,5,0
Alex Johnson,53,Male,Engineer,2,64,93,3.33,10,0
Ivan Lee,52,Male,HR,12,56,64,1.36,3,0
Kate Smith,40,Female,Sales,2,45,33,2.22,2,0
John Brown,42,Male,HR,0,64,45,4.26,5,0
Kate Brown,40,Female,HR,2,70,34,1.15,7,0
Leo Lee,31,Female,Analyst,0,33,88,2.13,9,0
Kate Kim,39,Female,Engineer,7,70,51,4.24,7,0
Alex Ivanov,60,Male,Analyst,35,34,65,3.21,4,0
Ivan Wang,43,Male,Sales,22,56,41,1.78,10,1
Alex Johnson,39,Female,Analyst,17,52,22,4.25,1,0
Lily Lee,54,Male,HR,21,49,27,1.56,4,0
Alex Ivanov,26,Female,Analyst,2,66,0,2.08,2,0
Leo Wang,31,Male,Engineer,4,33,69,4.52,3,0
Ivan Petrov,54,Female,HR,12,37,92,2.89,1,0
Nina Brown,32,Male,Manager,1,36,22,2.38,7,0
Dina Ivanov,53,Female,Manager,0,56,42,2.94,10,1
Dina Brown,48,Female,Sales,4,38,19,3.68,8,0
Alex Petrov,57,Female,Engineer,8,44,60,1.6,7,0
Max Petrov,54,Female,Sales,33,57,68,2.1,5,0
Ivan Ivanov,42,Female,HR,9,63,98,4.72,5,0
Nina Brown,51,Female,Manager,5,68,14,1.25,7,0
Leo Kim,50,Male,Engineer,0,64,52,1.17,1,0
Max Lee,34,Female,Sales,9,31,48,2.6,3,0
Dina Kim,27,Male,Sales,2,35,70,4.33,1,0
Nina Johnson,28,Female,HR,0,30,95,3.56,4,0
John Petrov,41,Female,Sales,11,54,65,3.15,2,0
John Kim,57,Female,Manager,31,69,55,1.22,3,0
Sam Petrov,31,Male,Sales,9,55,90,1.84,10,1
Leo Garcia,50,Male,Engineer,22,53,3,4.63,10,0
Lily Wang,29,Male,Analyst,8,44,24,4.18,3,0
Leo Lee,37,Female,Engineer,16,48,34,1.72,3,0
Max Chen,30,Female,Analyst,0,51,5,1.37,8,1
Leo Petrov,59,Female,Engineer,19,38,91,1.22,1,0
Dina Johnson,53,Male,Analyst,20,70,48,2.96,2,0
Sam Petrov,22,Female,Engineer,1,58,91,4.21,3,0
Lily Kim,58,Female,Sales,34,50,27,2.47,9,0
Nina Johnson,50,Female,Engineer,19,59,86,3.28,8,0
Kate Brown,55,Male,Engineer,31,31,43,3.21,5,0
Sam Ivanov,55,Female,Manager,22,70,17,2.74,10,1
Nina Ivanov,55,Male,Engineer,7,59,78,2.6,1,0
Ivan Smith,54,Male,Engineer,17,38,37,2.77,6,0
Leo Ivanov,51,Male,HR,4,49,90,2.89,4,0
Ivan Garcia,47,Female,HR,22,31,69,3.61,8,0
John Ivanov,52,Male,Sales,23,36,92,3.97,5,0
Ivan Ivanov,40,Female,Analyst,2,35,45,4.57,8,0
Leo Johnson,48,Female,HR,15,54,73,4.73,4,0
Lily Wang,29,Female,Analyst,7,44,25,3.78,6,0
Dina Ivanov,30,Female,HR,9,60,20,4.23,3,0
Nina Garcia,39,Female,Sales,5,66,47,1.04,8,1
Alex Johnson,46,Female,Sales,16,45,55,4.61,10,0
Kate Wang,58,Female,HR,11,70,82,2.7,7,0
Dina Smith,35,Male,HR,0,34,10,3.23,4,0
Ivan Garcia,35,Male,Sales,1,41,31,3.91,5,0
Dina Smith,51,Female,Engineer,10,54,98,3.22,3,0
Lily Brown,56,Female,Engineer,2,46,16,2.86,9,0
Nina Smith,57,Female,Manager,35,58,23,4.86,10,0
Sam Kim,22,Female,Manager,1,39,36,3.63,1,0
Dina Brown,42,Female,Manager,5,35,88,1.92,1,0
Ivan Garcia,35,Female,Engineer,9,45,42,4.98,7,0
Sam Ivanov,22,Male,Analyst,1,46,31,2.11,2,0
Leo Johnson,24,Female,Sales,3,32,41,2.47,6,0
Alex Smith,29,Male,Engineer,4,42,82,4.24,2,0
Sam Smith,41,Male,HR,3,46,45,4.05,4,0
Lily Petrov,49,Female,Analyst,21,65,21,1.42,6,0
Sam Smith,54,Male,HR,8,37,6,4.13,8,0
Ivan Johnson,50,Female,HR,29,39,69,3.46,5,0
Lily Petrov,45,Female,HR,17,58,73,3.87,6,0
John Lee,56,Female,HR,2,60,7,1.36,2,0
Nina Johnson,39,Female,Engineer,12,36,25,2.09,1,0
Max Wang,49,Female,Engineer,27,56,39,2.63,10,1
Nina Garcia,37,Male,Analyst,6,40,75,1.36,4,0
Max Wang,53,Female,Manager,17,44,75,2.04,5,0
John Lee,26,Female,HR,1,59,94,4.34,4,0
Dina Lee,38,Male,Manager,4,41,99,1.55,8,0
Max Garcia,45,Female,Engineer,24,48,34,2.0,10,0
Dina Brown,52,Female,Sales,16,43,64,3.05,8,0
Max Smith,31,Female,Engineer,7,56,11,3.26,5,0
Leo Smith,39,Male,Manager,17,34,35,3.65,1,0
Alex Ivanov,59,Male,Analyst,4,58,18,1.35,5,0
Alex Smith,26,Female,HR,5,64,59,4.43,1,0
Nina Ivanov,29,Male,Manager,1,42,2,4.98,10,0
Ivan Lee,43,Female,Analyst,2,32,34,4.01,4,0
Dina Johnson,30,Male,Manager,7,60,19,4.91,9,0
Dina Ivanov,43,Male,Analyst,19,56,80,3.15,5,0
Alex Wang,23,Male,Manager,2,53,1,3.67,8,0
John Garcia,55,Male,HR,7,50,96,2.07,10,0
Kate Brown,24,Male,Manager,1,43,17,3.55,7,0
Nina Garcia,35,Male,Sales,6,68,59,2.73,6,0
Nina Smith,34,Female,Engineer,5,31,97,2.44,6,0
Alex Chen,35,Female,Engineer,6,54,28,2.9,5,0
Dina Ivanov,54,Female,Manager,2,66,82,2.57,10,1
Kate Chen,42,Female,Sales,13,43,58,1.96,2,0
Dina Smith,35,Male,Manager,10,38,95,1.68,1,0
Kate Johnson,32,Male,Engineer,11,44,14,1.23,4,0
Nina Brown,40,Female,Sales,12,41,94,2.78,8,0
Lily Smith,52,Male,HR,10,70,67,1.77,2,0
Dina Wang,27,Male,Engineer,5,57,45,4.59,8,0
Dina Smith,55,Female,Manager,14,50,8,4.48,3,0
Sam Johnson,60,Male,HR,15,52,10,2.16,10,1
Kate Wang,25,Female,Engineer,4,32,53,3.29,4,0
Leo Ivanov,31,Female,Engineer,7,69,71,1.97,6,0
Dina Brown,26,Male,HR,2,50,95,3.49,9,0
John Ivanov,31,Male,Analyst,6,69,90,3.45,9,0
Lily Wang,44,Female,Manager,2,56,15,2.69,10,1
Ivan Johnson,25,Male,Analyst,0,32,2,3.17,10,0
Max Kim,52,Female,Analyst,28,65,56,4.29,3,0
Nina Wang,45,Female,Manager,15,40,3,4.99,6,0
Nina Lee,45,Female,Manager,20,51,87,1.78,2,0
Leo Smith,49,Male,Analyst,16,33,37,4.19,9,0
Leo Wang,22,Male,Manager,1,35,29,3.31,8,0
John Petrov,58,Male,Sales,4,66,52,2.11,5,0
Alex Chen,47,Female,Engineer,25,38,86,2.46,1,0
Dina Ivanov,35,Male,HR,9,63,70,3.08,9,0
Dina Lee,47,Female,Sales,13,42,75,2.52,2,0
Lily Kim,29,Male,Sales,3,49,22,3.63,4,0
Sam Kim,57,Male,Analyst,35,63,67,1.43,3,0
John Brown,49,Male,Engineer,17,67,57,1.42,1,0
Kate Petrov,50,Male,HR,24,49,6,1.02,4,0
Alex Wang,31,Female,Sales,6,60,19,3.02,9,0
Max Petrov,42,Female,HR,4,45,18,1.3,9,0
John Wang,33,Female,Sales,6,36,57,1.52,7,0
Alex Smith,32,Female,Manager,0,56,17,4.46,2,0
Kate Ivanov,59,Female,HR,24,30,64,1.46,10,0
Max Garcia,31,Female,Sales,10,38,31,4.79,1,0
Leo Wang,42,Male,HR,11,30,22,2.95,9,0
Nina Ivanov,58,Male,Manager,37,59,83,4.98,5,0
Max Chen,47,Male,Analyst,8,57,94,4.17,1,0
John Smith,45,Male,Manager,23,62,13,3.42,1,0
Alex Ivanov,32,Male,Manager,2,30,16,2.5,3,0
Lily Smith,49,Male,HR,28,59,69,4.92,4,0
Leo Kim,48,Male,Manager,16,48,70,1.49,7,0
Max Wang,35,Female,Manager,3,68,96,1.55,8,1
Sam Johnson,24,Male,Sales,1,60,22,2.98,4,0
Sam Ivanov,50,Female,Manager,26,34,32,3.56,1,0
Lily Wang,48,Male,HR,20,37,33,3.51,8,0
Max Chen,59,Male,HR,15,42,43,1.47,9,0
Ivan Kim,26,Female,Manager,0,41,19,3.81,8,0
Sam Smith,23,Male,Engineer,2,65,87,1.65,9,1
Lily Wang,51,Male,Analyst,7,40,71,3.29,8,0
Kate Petrov,49,Female,HR,11,47,83,1.82,2,0
Max Wang,25,Male,Sales,1,58,96,2.64,10,1
Sam Smith,52,Female,Analyst,30,37,9,1.57,4,0
Ivan Brown,48,Female,HR,10,55,36,1.14,7,0
Max Garcia,26,Male,HR,2,47,95,3.1,9,0
Dina Petrov,47,Female,Manager,24,30,24,3.2,6,0
Alex Wang,28,Male,Manager,4,51,57,3.24,8,0
Max Wang,36,Female,Sales,7,41,33,1.1,2,0
Sam Ivanov,29,Male,Analyst,0,68,87,1.53,10,1
Sam Brown,35,Male,Analyst,4,48,81,4.64,1,0
Kate Smith,43,Male,HR,16,50,92,1.66,9,0
Ivan Smith,44,Female,Sales,16,56,38,4.24,1,0
Sam Kim,30,Male,Sales,1,52,51,3.08,8,0
Alex Wang,58,Male,Sales,23,65,84,2.87,3,0
Ivan Kim,37,Male,Analyst,7,64,8,3.74,6,0
Kate Lee,39,Male,HR,1,38,66,4.73,1,0
Dina Kim,43,Female,Analyst,12,36,7,4.23,8,0
Sam Smith,49,Female,HR,17,65,89,2.94,7,0
Kate Johnson,53,Female,Analyst,19,51,18,3.49,3,0
Nina Kim,24,Male,Analyst,1,69,27,3.3,1,0
Ivan Petrov,31,Female,Engineer,5,53,24,4.09,5,0
Alex Brown,54,Female,HR,20,58,3,3.03,4,0
Max Garcia,44,Female,Analyst,15,47,59,1.29,1,0
Leo Lee,23,Female,Analyst,1,68,64,3.77,8,0
Max Kim,47,Female,HR,24,38,72,4.41,5,0
Nina Wang,37,Female,Sales,1,35,4,1.97,3,0
Dina Lee,35,Male,Sales,10,33,100,2.3,5,0
Alex Garcia,25,Male,Sales,4,60,81,1.78,7,0
John Brown,23,Male,Analyst,1,65,37,1.55,2,0
John Johnson,43,Female,Sales,12,51,58,3.99,5,0
Ivan Lee,54,Male,Sales,25,31,71,4.88,8,0
Sam Johnson,36,Male,HR,5,34,18,3.62,6,0
Alex Petrov,32,Male,Manager,2,43,87,1.9,1,0
John Petrov,58,Female,HR,37,47,63,3.85,8,0
Kate Garcia,29,Female,HR,2,52,86,1.12,10,1
Ivan Garcia,60,Male,Engineer,30,34,72,3.94,7,0
Ivan Ivanov,56,Female,Manager,27,69,76,1.66,2,0
Max Lee,41,Male,Sales,9,40,49,3.74,1,0
Max Smith,47,Female,Manager,1,68,71,4.4,7,0
Kate Smith,38,Female,Analyst,15,42,66,1.56,7,0
Ivan Garcia,23,Female,Sales,1,41,7,3.26,5,0
Dina Smith,29,Male,Engineer,3,40,21,4.74,2,0
Sam Kim,48,Female,Sales,3,43,57,4.32,4,0
Ivan Johnson,24,Female,HR,1,48,9,1.29,6,0
Max Wang,27,Female,Sales,5,50,26,1.91,9,0
John Chen,47,Female,Manager,13,46,3,3.52,7,0
Ivan Petrov,43,Male,Manager,17,42,49,3.04,2,0
Dina Chen,35,Male,HR,0,38,5,4.79,3,0
Ivan Chen,60,Male,Engineer,35,53,22,2.48,9,1
Ivan Kim,22,Female,Sales,0,65,18,1.29,10,1
John Chen,48,Female,Engineer,2,57,59,3.74,2,0
Ivan Wang,55,Female,Sales,34,49,53,3.19,7,0
Nina Ivanov,57,Male,Manager,32,68,7,4.95,5,0
John Garcia,55,Male,Analyst,2,40,15,3.0,9,0
John Ivanov,39,Male,Analyst,9,65,23,3.17,8,0
Lily Ivanov,27,Female,Sales,1,44,91,2.77,4,0
Sam Lee,49,Male,Engineer,27,55,98,2.32,4,0
Ivan Johnson,34,Female,Sales,7,62,97,2.29,5,0
Sam Ivanov,30,Female,HR,3,63,38,2.67,1,0
Max Smith,43,Male,Engineer,20,30,22,3.71,6,0
Sam Johnson,42,Male,Engineer,17,40,75,1.65,9,0
Ivan Wang,59,Male,HR,32,42,94,1.65,8,0
Ivan Chen,38,Male,HR,6,34,24,2.75,6,0
Leo Smith,22,Male,Engineer,1,35,8,2.1,9,0
Dina Johnson,38,Male,Manager,0,47,47,2.78,3,0
Kate Johnson,57,Male,Engineer,26,58,15,1.81,5,0
Alex Wang,53,Male,Sales,30,41,23,2.24,3,0
Lily Brown,22,Male,Sales,1,66,98,4.28,1,0
Kate Smith,58,Female,HR,33,55,23,4.91,2,0
Nina Brown,51,Male,Manager,17,55,21,2.24,2,0
Sam Petrov,31,Male,Analyst,3,38,16,2.28,3,0
John Smith,51,Female,Manager,10,37,83,3.63,9,0
Ivan Petrov,22,Male,Engineer,1,56,51,2.02,6,0
John Johnson,59,Female,Engineer,32,65,60,3.1,9,0
Dina Garcia,42,Female,Manager,20,66,85,1.36,6,0
Ivan Petrov,32,Male,Analyst,3,62,25,2.91,3,0
Sam Brown,44,Female,Sales,17,59,91,3.46,3,0
Lily Ivanov,34,Female,HR,4,46,61,4.2,2,0
Kate Garcia,57,Female,HR,10,41,3,4.47,6,0
Kate Johnson,44,Female,Analyst,14,54,43,3.26,9,0
Lily Wang,36,Male,Sales,2,40,50,1.42,6,0
John Lee,39,Male,HR,2,41,87,1.01,6,0
Max Chen,38,Male,Manager,9,38,44,4.7,5,0
Alex Brown,35,Female,HR,4,44,23,4.97,9,0
Leo Johnson,28,Male,Manager,4,69,14,2.26,8,1
Alex Garcia,39,Male,Manager,0,43,46,3.39,1,0
Lily Kim,53,Male,Engineer,30,52,12,2.82,8,1
Ivan Petrov,60,Female,Manager,29,34,89,2.91,5,0
Lily Johnson,31,Male,Analyst,6,42,7,1.91,9,0
Kate Chen,37,Female,HR,3,67,57,2.21,6,0
John Wang,45,Male,Manager,18,59,11,3.38,3,0
Lily Ivanov,48,Male,HR,1,44,50,3.33,6,0
John Brown,39,Male,Engineer,11,50,48,1.04,1,0
Kate Johnson,33,Male,Analyst,4,51,54,4.48,6,0
Ivan Smith,25,Male,Analyst,3,63,94,4.8,10,0
Dina Petrov,51,Male,Sales,21,34,41,2.34,7,0
Lily Brown,30,Female,Manager,9,44,35,3.46,2,0
Nina Johnson,35,Male,HR,0,55,49,1.57,8,1
Kate Chen,42,Female,Analyst,20,34,87,1.54,2,0
Leo Wang,53,Female,Engineer,18,31,72,2.03,5,0
Lily Petrov,50,Male,HR,2,44,9,2.46,9,0
Lily Smith,36,Male,Analyst,8,40,89,1.2,4,0
Alex Petrov,32,Male,Analyst,4,58,39,3.33,2,0
Max Kim,29,Male,Analyst,7,30,69,3.64,5,0
Kate Ivanov,22,Male,Sales,0,42,82,1.01,4,0
Kate Petrov,24,Female,HR,2,58,61,1.22,8,1
John Lee,39,Male,HR,2,56,98,3.1,6,0
Leo Garcia,29,Male,Engineer,0,40,69,3.9,8,0
Lily Petrov,27,Female,Manager,0,58,38,2.64,2,0
Leo Smith,33,Male,Manager,10,50,67,2.32,7,0
Leo Petrov,45,Female,HR,24,46,98,4.68,5,0
Kate Ivanov,36,Male,HR,6,33,1,3.83,4,0
John Chen,59,Male,Analyst,30,42,75,4.84,9,0
Kate Smith,26,Male,Manager,5,69,24,4.68,10,0
Kate Wang,45,Female,HR,5,70,40,2.87,5,0
John Petrov,50,Male,Engineer,10,65,93,3.89,7,0
Kate Petrov,26,Male,Sales,4,46,45,4.39,7,0
Dina Brown,31,Male,Sales,4,34,23,2.58,10,0
Alex Smith,49,Female,Analyst,7,47,20,1.67,3,0
Sam Lee,36,Female,HR,2,38,11,1.42,2,0
Lily Petrov,43,Male,Analyst,1,67,6,4.96,7,0
Dina Petrov,48,Female,HR,27,66,70,1.49,6,0
Leo Johnson,30,Female,Analyst,9,30,54,4.78,3,0
Dina Kim,59,Male,Engineer,12,45,56,1.18,2,0
Sam Kim,49,Male,Analyst,1,70,62,4.54,8,0
Sam Lee,58,Male,HR,10,43,90,3.47,9,0
Dina Johnson,42,Female,HR,10,70,40,3.6,3,0
Dina Johnson,59,Male,Manager,0,57,2,3.0,10,0
Max Chen,51,Male,HR,26,69,69,3.26,4,0
Max Lee,28,Male,HR,5,31,38,3.19,8,0
Kate Kim,47,Male,Engineer,11,50,80,1.45,10,0
Nina Johnson,59,Female,HR,9,39,24,2.27,8,0
Sam Lee,32,Female,Sales,8,31,75,4.81,6,0
Alex Garcia,40,Female,HR,5,61,47,2.28,4,0
Sam Garcia,48,Female,Manager,20,42,100,2.59,2,0
Max Wang,39,Male,Manager,2,69,9,2.57,1,0
Ivan Wang,37,Female,Analyst,4,62,29,2.1,2,0
Ivan Garcia,51,Female,Analyst,23,34,83,1.5,8,0
John Chen,33,Female,Engineer,6,43,34,3.81,8,0
Kate Johnson,57,Female,Manager,1,66,10,1.69,8,1
Nina Petrov,39,Male,Analyst,8,59,36,2.5,5,0
John Kim,49,Female,Manager,3,70,87,3.57,10,0
Sam Brown,50,Female,Manager,26,52,30,2.53,1,0
Alex Wang,36,Male,Sales,1,43,4,4.69,4,0
Kate Johnson,38,Male,Sales,16,65,94,4.43,6,0
Dina Wang,57,Female,Engineer,4,55,84,3.54,6,0
Dina Wang,45,Female,HR,5,57,42,1.57,3,0
Leo Smith,52,Female,Engineer,8,32,82,1.22,5,0
Alex Petrov,28,Male,Sales,1,62,88,4.19,10,0
John Brown,52,Male,HR,23,59,3,3.24,10,0
Dina Garcia,47,Male,Analyst,4,51,25,2.9,1,0
Alex Garcia,53,Female,Analyst,3,66,76,2.37,4,0
Sam Kim,43,Female,Analyst,17,56,96,4.87,7,0
Alex Ivanov,40,Male,Sales,19,35,25,4.23,1,0
John Kim,31,Male,Manager,7,33,82,1.42,10,0
Dina Brown,25,Male,Manager,4,30,91,2.52,4,0
Sam Smith,59,Male,HR,21,36,91,4.28,6,0
Nina Johnson,49,Male,Analyst,23,46,57,2.93,10,0
Kate Petrov,27,Female,Engineer,6,68,65,4.42,2,0
Nina Garcia,45,Female,Analyst,19,42,40,3.28,1,0
Nina Lee,23,Male,Engineer,1,38,59,2.58,9,0
Sam Kim,36,Male,Engineer,8,34,21,4.17,4,0
Leo Brown,48,Male,HR,8,52,23,1.17,5,0
Ivan Ivanov,28,Male,Engineer,5,70,69,4.14,7,0
Lily Garcia,45,Male,Sales,3,52,67,4.5,8,0
Nina Petrov,23,Female,Sales,1,41,78,3.68,7,0
Dina Garcia,31,Female,Analyst,8,49,55,2.68,4,0
Leo Brown,54,Female,Analyst,0,43,93,1.28,1,0
Dina Petrov,28,Female,Analyst,0,33,36,2.74,5,0
Ivan Garcia,42,Female,Analyst,9,39,38,4.9,1,0
Kate Petrov,38,Female,Manager,4,61,39,2.29,2,0
Max Petrov,32,Female,Sales,7,62,99,3.35,1,0
Nina Smith,38,Female,HR,2,39,85,4.68,3,0
Lily Petrov,52,Female,HR,5,51,47,1.07,4,0
John Smith,49,Male,Manager,13,48,96,4.44,4,0
John Kim,40,Male,Manager,1,37,81,4.43,9,0
Ivan Brown,30,Female,Analyst,7,70,73,3.87,4,0
Lily Johnson,31,Female,HR,8,56,93,4.61,6,0
Max Ivanov,55,Male,HR,7,39,50,2.31,10,0
Nina Lee,44,Male,Manager,15,40,37,4.93,2,0
Ivan Lee,33,Male,Analyst,9,66,60,2.13,3,0
Nina Kim,44,Male,Manager,14,30,16,1.58,8,0
Lily Brown,29,Male,Engineer,5,62,78,4.47,1,0
Lily Wang,32,Male,HR,7,58,63,4.38,4,0
Ivan Smith,27,Female,Sales,4,68,99,1.43,7,0
Kate Lee,48,Male,HR,27,43,5,4.17,3,0
Ivan Johnson,26,Female,Analyst,4,45,64,3.68,8,0
Lily Brown,23,Female,HR,2,30,64,1.32,7,0
Sam Lee,55,Male,Engineer,9,34,83,1.67,8,0
John Lee,58,Male,Engineer,20,34,79,2.39,6,0
Dina Petrov,60,Male,Sales,20,49,83,4.82,8,0
Ivan Chen,44,Female,Analyst,6,44,1,2.93,6,0
Nina Ivanov,30,Male,HR,7,55,31,4.21,10,0
Dina Johnson,39,Female,HR,5,53,6,2.93,3,0
Leo Lee,46,Female,Analyst,0,32,26,4.93,1,0
Max Lee,46,Male,Sales,21,51,59,4.3,2,0
Dina Johnson,52,Male,Manager,9,41,43,2.44,3,0
Max Ivanov,43,Male,Manager,12,32,100,1.14,4,0
John Garcia,25,Male,HR,3,62,25,2.12,1,0
Ivan Johnson,45,Male,Engineer,22,58,58,1.63,2,0
Alex Garcia,60,Female,Manager,12,60,83,2.78,3,0
Max Garcia,30,Female,Engineer,8,48,23,2.2,3,0
Max Ivanov,52,Female,Engineer,28,49,56,4.75,8,0
John Kim,23,Female,Engineer,1,55,16,3.66,7,0
Ivan Wang,46,Female,Manager,2,57,34,1.9,2,0
Lily Johnson,40,Female,Analyst,11,67,41,3.94,9,0
Max Garcia,35,Male,Manager,6,68,77,2.16,3,0
Lily Johnson,54,Female,Analyst,6,69,31,3.75,4,0
John Smith,42,Male,HR,3,34,48,3.5,6,0
Ivan Chen,44,Female,Analyst,16,36,71,1.54,2,0
Lily Lee,32,Male,Manager,1,63,90,1.39,7,0
Sam Petrov,42,Female,Manager,7,40,36,2.24,7,0
Leo Johnson,45,Female,Manager,6,56,30,1.64,1,0
Alex Brown,45,Male,Analyst,6,68,27,4.47,8,0
Lily Ivanov,26,Male,Sales,0,37,76,3.42,1,0
Lily Ivanov,57,Male,Sales,5,61,84,3.53,1,0
Dina Ivanov,43,Female,Engineer,12,54,59,3.48,8,0
Alex Lee,49,Female,Engineer,28,34,41,1.89,7,0
Max Chen,51,Male,Sales,11,34,78,3.1,3,0
Sam Smith,33,Female,Sales,11,44,13,2.99,4,0
Lily Wang,42,Female,Analyst,5,45,44,4.67,5,0
Leo Wang,52,Female,Manager,13,60,37,1.82,10,1
Dina Johnson,36,Male,Engineer,5,41,6,3.26,5,0
Sam Chen,51,Female,Analyst,21,62,74,4.84,10,0
Sam Smith,23,Male,Engineer,1,60,60,3.52,10,0
Max Lee,37,Male,Sales,0,46,69,1.95,6,0
Lily Chen,52,Male,Engineer,14,59,66,1.06,8,1
Dina Wang,40,Female,HR,13,42,44,3.82,2,0
Kate Wang,42,Male,Engineer,20,44,49,2.55,9,0
Leo Brown,44,Male,Engineer,12,56,53,3.3,7,0
John Ivanov,44,Male,Manager,22,70,16,4.72,3,0
Max Brown,38,Female,Sales,17,63,52,4.41,10,0
Max Smith,49,Female,Sales,17,59,16,2.36,1,0
John Lee,23,Female,Manager,1,34,97,1.98,8,0
Sam Ivanov,43,Female,Sales,9,62,59,2.58,7,0
John Johnson,56,Male,Analyst,30,31,33,3.14,4,0
Nina Lee,54,Male,Sales,22,66,10,4.08,1,0
Sam Lee,29,Male,Sales,3,47,57,3.05,3,0
Ivan Ivanov,32,Male,HR,3,42,19,2.63,8,0
Nina Kim,48,Male,Engineer,22,51,69,2.16,1,0
Alex Chen,29,Male,HR,4,39,25,4.98,9,0
Sam Chen,42,Female,Manager,10,31,23,2.1,4,0
Kate Brown,50,Male,Manager,0,32,12,3.27,3,0
Alex Kim,58,Male,HR,7,65,86,3.48,2,0
Alex Johnson,53,Female,HR,28,68,91,1.92,1,0
Max Petrov,43,Male,Analyst,15,30,53,1.79,4,0
John Petrov,22,Male,Engineer,1,61,81,3.89,1,0
Alex Smith,49,Female,HR,12,43,20,3.81,4,0
Ivan Smith,56,Male,Engineer,35,38,7,3.65,6,0
Ivan Ivanov,25,Female,Analyst,4,67,48,2.48,3,0
John Brown,34,Male,HR,0,46,72,2.67,6,0
Sam Brown,40,Male,Analyst,19,34,38,4.03,1,0
Nina Chen,54,Female,Sales,30,67,48,2.56,8,1
Nina Petrov,29,Female,Manager,3,70,34,3.82,6,0
Alex Johnson,54,Male,Manager,4,46,45,3.33,9,0
Nina Garcia,57,Female,Manager,26,30,23,3.15,1,0
Kate Chen,56,Female,Manager,20,62,12,1.23,7,0
Nina Chen,43,Male,Sales,16,66,8,4.84,2,0
Lily Garcia,33,Male,Sales,10,61,19,3.81,3,0
Kate Petrov,43,Male,Analyst,8,66,25,2.11,4,0
Lily Wang,45,Male,Engineer,14,42,2,4.72,7,0
Kate Garcia,27,Male,HR,1,53,54,4.35,1,0
Ivan Brown,47,Female,Engineer,25,53,39,1.22,2,0
Ivan Chen,52,Female,Engineer,16,64,65,4.94,7,0
Nina Wang,36,Female,HR,7,59,98,2.18,3,0
Sam Garcia,45,Female,Analyst,5,38,16,2.29,2,0
Dina Kim,23,Male,HR,1,32,45,2.45,1,0
Leo Brown,60,Female,HR,14,31,61,2.63,3,0
Lily Ivanov,46,Female,Sales,25,64,97,4.1,3,0
Kate Kim,57,Female,HR,16,70,42,4.4,3,0
John Brown,24,Female,HR,1,66,60,2.01,3,0
Kate Petrov,34,Male,Engineer,10,35,63,4.38,5,0
John Ivanov,59,Female,Engineer,14,45,5,3.87,5,0
Sam Johnson,38,Male,HR,4,66,9,1.92,8,1
Ivan Kim,25,Female,Engineer,4,40,76,2.23,1,0
Ivan Petrov,57,Female,Engineer,28,30,52,4.58,7,0
Nina Kim,33,Female,Manager,7,59,59,4.57,4,0
John Wang,24,Female,Manager,3,42,28,1.41,4,0
Leo Lee,45,Female,Manager,13,44,74,3.68,1,0
Max Wang,22,Female,HR,1,69,85,3.38,4,0
Dina Kim,46,Female,Engineer,2,58,75,3.01,2,0
John Johnson,43,Female,Analyst,5,54,100,3.53,10,0
Kate Brown,59,Female,HR,13,48,54,2.49,4,0
Ivan Petrov,42,Female,Analyst,18,43,19,4.52,1,0
Max Lee,35,Male,HR,11,66,92,1.82,1,0
Sam Smith,38,Female,Manager,12,66,64,2.25,2,0
Ivan Garcia,29,Female,Sales,4,37,25,4.25,1,0
Lily Garcia,55,Male,Analyst,18,58,93,4.61,5,0
Leo Brown,29,Male,Sales,8,58,41,3.44,3,0
Leo Smith,43,Female,Analyst,17,55,2,3.5,9,0
John Brown,25,Male,Sales,1,57,86,2.41,2,0
Ivan Wang,58,Female,Analyst,36,30,22,3.25,2,0
Kate Johnson,49,Male,Manager,7,52,24,3.17,1,0
Max Chen,50,Female,Engineer,21,34,24,2.73,3,0
Lily Garcia,23,Male,HR,0,57,1,3.21,5,0
Max Garcia,50,Female,Engineer,5,68,87,4.77,8,0
Sam Petrov,47,Male,Engineer,19,38,20,2.19,1,0
Lily Lee,40,Female,Sales,7,48,44,3.81,6,0
Sam Kim,49,Male,Engineer,2,69,6,3.47,5,0
Nina Kim,56,Female,Manager,31,31,22,1.77,5,0
Nina Petrov,22,Male,HR,1,44,100,3.51,1,0
Leo Smith,22,Male,Manager,0,62,15,4.91,7,0
Dina Smith,31,Male,Analyst,2,59,59,4.55,5,0
Sam Johnson,24,Female,HR,0,69,85,4.87,9,0
Lily Ivanov,32,Female,Analyst,1,48,60,3.85,10,0
Leo Brown,55,Male,Manager,3,47,92,2.88,10,0
Lily Lee,32,Male,Engineer,7,66,38,4.8,8,0
Kate Brown,27,Male,Manager,1,64,2,4.9,9,0
Dina Garcia,27,Female,Manager,0,55,54,3.69,9,0
Kate Brown,36,Male,Analyst,0,38,53,2.09,5,0
Leo Smith,58,Male,Engineer,28,53,20,3.07,10,0
Leo Lee,59,Male,Analyst,27,36,30,2.57,2,0
Leo Wang,33,Male,HR,3,33,54,2.79,7,0
Nina Kim,47,Female,Sales,20,50,42,4.4,9,0
Nina Chen,35,Male,Analyst,6,50,97,3.76,5,0
Alex Chen,29,Female,Manager,4,44,83,2.22,6,0
Leo Kim,50,Female,Manager,27,68,43,1.02,4,0
John Ivanov,46,Male,Analyst,14,32,56,2.79,6,0
John Lee,42,Female,Engineer,21,51,27,3.65,9,0
Nina Chen,25,Male,Manager,3,47,95,2.51,5,0
Nina Brown,55,Male,HR,28,66,74,1.6,2,0
Alex Petrov,49,Male,Engineer,24,30,71,2.59,9,0
Kate Johnson,44,Male,Manager,16,40,35,1.57,6,0
Nina Kim,50,Male,HR,8,50,19,3.55,5,0
Sam Johnson,47,Female,Sales,21,38,37,4.51,3,0
Nina Wang,59,Female,HR,16,67,51,4.65,10,0
Dina Ivanov,42,Female,Engineer,8,69,7,4.52,9,0
Nina Kim,44,Male,Sales,17,68,64,1.21,9,1
Dina Lee,46,Female,HR,13,37,92,4.84,7,0
Ivan Brown,23,Female,HR,1,40,52,2.07,8,0
Sam Brown,42,Female,Analyst,20,53,65,1.3,2,0
Sam Brown,28,Female,Manager,1,51,81,3.17,9,0
Lily Ivanov,55,Male,Engineer,20,63,62,4.09,1,0
Ivan Wang,57,Female,HR,33,54,11,4.34,8,0
Max Kim,41,Female,Manager,14,40,9,1.93,5,0
Nina Wang,46,Male,Analyst,22,61,94,2.86,3,0
Nina Wang,44,Female,Sales,23,32,37,1.38,9,0
Nina Lee,24,Male,HR,0,69,17,1.1,1,0
Sam Garcia,26,Male,Engineer,0,50,27,5.0,4,0
Sam Brown,31,Female,Sales,3,32,95,3.22,5,0
Max Chen,54,Male,Analyst,13,67,43,1.67,4,0
Leo Wang,53,Male,Sales,16,45,51,3.04,4,0
Leo Brown,35,Male,Analyst,12,43,24,2.45,6,0
Sam Smith,57,Female,Engineer,0,57,98,1.66,6,0
Nina Wang,46,Female,Analyst,5,60,7,4.44,8,0
Kate Johnson,38,Female,Manager,7,66,67,4.87,4,0
Max Kim,27,Female,Engineer,2,34,96,2.88,9,0
Nina Ivanov,24,Female,Analyst,3,43,93,3.09,6,0
Alex Johnson,39,Male,Engineer,18,31,78,4.12,4,0
Ivan Smith,39,Male,Engineer,15,36,34,1.55,8,0
Sam Brown,37,Male,Engineer,6,36,78,3.84,4,0
Ivan Petrov,39,Female,Analyst,6,48,92,1.94,3,0
John Lee,55,Male,Sales,30,39,38,1.55,3,0
Leo Johnson,46,Male,Analyst,20,59,55,4.67,5,0
Alex Chen,50,Female,Manager,27,45,81,3.18,8,0
John Kim,59,Male,Manager,25,33,54,3.36,10,0
Kate Johnson,25,Female,Analyst,1,61,19,1.34,7,0
Max Wang,31,Female,Sales,3,32,92,4.21,6,0
Kate Brown,48,Female,Analyst,24,53,25,1.64,7,0
Alex Garcia,41,Male,HR,3,36,45,2.67,6,0
Kate Lee,51,Male,Analyst,13,44,16,1.86,4,0
Max Smith,55,Female,Sales,4,32,1,1.59,6,0
Sam Ivanov,48,Female,Manager,1,57,56,3.55,6,0
Ivan Chen,40,Female,Analyst,5,69,53,1.33,4,0
Nina Wang,29,Male,Analyst,7,34,82,2.09,6,0
Ivan Ivanov,37,Female,HR,10,41,74,2.7,4,0
Lily Johnson,34,Female,HR,0,34,19,3.23,10,0
Ivan Garcia,40,Male,Manager,16,61,73,2.76,1,0
Dina Chen,49,Male,Engineer,23,30,22,4.9,8,0
Leo Ivanov,33,Female,Engineer,10,58,90,3.7,5,0
Max Smith,43,Female,Analyst,4,51,63,4.75,2,0
Alex Smith,42,Female,Sales,16,70,71,3.93,1,0
Dina Smith,35,Male,HR,0,56,2,3.36,7,0
Leo Petrov,24,Female,Manager,3,58,45,1.16,4,0
Nina Brown,60,Female,Analyst,30,47,29,3.23,3,0
Max Ivanov,26,Male,Analyst,3,48,81,4.72,3,0
Lily Brown,54,Male,Manager,19,35,99,2.6,3,0
Kate Wang,29,Male,Engineer,6,57,18,3.72,6,0
Max Petrov,46,Female,Engineer,0,57,86,1.11,7,0
Lily Smith,34,Female,Engineer,5,39,88,4.42,5,0
Alex Smith,32,Male,Engineer,5,53,96,4.07,3,0
Dina Wang,25,Male,Manager,4,46,25,4.68,9,0
Leo Wang,28,Male,Sales,7,53,1,4.94,3,0
Ivan Brown,24,Male,Manager,1,31,41,4.79,6,0
John Smith,57,Male,Analyst,29,36,9,1.39,6,0
Max Wang,32,Female,Engineer,8,69,47,1.85,8,1
Sam Petrov,40,Female,HR,8,37,78,2.57,7,0
Dina Wang,35,Male,Sales,6,42,4,4.5,9,0
Lily Chen,47,Male,Manager,10,35,48,3.56,7,0
Dina Ivanov,51,Male,HR,9,48,94,1.31,10,0
Dina Lee,50,Male,Sales,22,44,96,2.83,6,0
Alex Garcia,30,Male,Analyst,7,51,97,3.7,3,0
John Chen,40,Female,Engineer,0,30,6,1.73,3,0
John Wang,47,Female,Sales,1,31,71,3.95,10,0
Max Ivanov,48,Male,HR,11,56,42,4.53,8,0
Sam Chen,45,Male,HR,1,41,86,3.5,10,0
Ivan Kim,25,Male,Sales,4,65,73,4.2,10,0
Sam Smith,27,Female,Engineer,2,39,21,4.2,10,0
Nina Smith,59,Male,Sales,32,54,75,3.43,1,0
Ivan Smith,49,Female,Manager,8,34,36,4.38,9,0
Sam Chen,42,Female,Engineer,2,58,29,4.13,2,0
Dina Brown,47,Female,Engineer,6,35,7,1.15,4,0
Sam Ivanov,23,Female,Sales,0,69,39,3.26,5,0
Leo Wang,36,Male,Engineer,8,36,63,1.02,3,0
Max Petrov,29,Female,Manager,6,63,71,4.49,10,0
John Garcia,32,Female,Sales,9,43,59,2.46,5,0
Dina Johnson,42,Male,Sales,14,55,45,3.18,1,0
Sam Ivanov,60,Female,Engineer,8,61,62,3.93,2,0
Alex Kim,33,Female,Manager,10,32,76,2.16,4,0
Sam Chen,57,Male,Analyst,21,66,0,3.26,3,0
Sam Brown,47,Female,HR,3,47,36,4.76,5,0
Lily Kim,30,Female,Analyst,7,34,83,1.79,7,0
Nina Ivanov,23,Female,Sales,2,31,33,1.18,3,0
Lily Smith,55,Female,Manager,2,54,63,3.62,3,0
Alex Wang,46,Male,Engineer,8,33,35,1.4,9,0
Kate Brown,33,Female,Manager,7,33,1,3.53,1,0
Leo Ivanov,41,Female,Manager,11,52,20,4.01,3,0
Ivan Ivanov,27,Male,Engineer,4,67,49,1.92,8,1
Leo Petrov,46,Male,HR,12,58,94,1.5,9,1
John Chen,32,Male,Engineer,3,66,62,1.95,7,0
Ivan Chen,25,Male,Manager,3,69,91,3.81,3,0
Leo Brown,41,Male,Analyst,16,50,4,1.32,3,0
Dina Petrov,55,Female,Manager,28,35,79,2.9,1,0
Lily Wang,28,Female,HR,6,36,33,3.21,7,0
Lily Johnson,53,Male,Analyst,22,50,95,4.07,5,0
Leo Wang,29,Female,Analyst,6,60,79,3.63,3,0
Sam Lee,41,Female,Manager,12,40,32,4.53,2,0
Kate Johnson,47,Male,Analyst,19,45,75,2.26,2,0
Lily Kim,38,Male,Manager,16,48,85,2.68,10,0
John Johnson,50,Male,Analyst,12,60,80,3.66,5,0
Lily Petrov,58,Male,Sales,9,60,36,1.11,2,0
Nina Petrov,60,Male,HR,7,68,51,3.15,7,0
Max Lee,46,Female,Sales,12,45,91,3.32,7,0
Leo Kim,34,Female,Engineer,9,57,32,2.96,3,0
Dina Petrov,46,Female,Analyst,3,59,32,3.95,3,0
Nina Kim,25,Female,HR,4,60,60,1.38,4,0
Sam Brown,33,Female,Engineer,8,43,53,2.85,8,0
Kate Kim,33,Male,Manager,0,31,70,3.4,2,0
Alex Chen,24,Female,Engineer,2,56,61,2.65,2,0
Lily Petrov,35,Female,HR,14,48,75,1.27,3,0
Leo Chen,53,Female,Manager,15,45,55,3.5,7,0
Alex Ivanov,25,Male,Engineer,4,50,60,4.57,2,0
Max Johnson,36,Female,HR,15,59,35,3.62,9,0
Leo Johnson,29,Male,Manager,8,61,77,3.82,9,0
Dina Brown,60,Female,HR,7,51,42,2.82,3,0
Max Lee,40,Male,Manager,18,69,97,1.58,2,0
Kate Lee,45,Male,Analyst,3,43,46,1.2,1,0
Ivan Ivanov,50,Male,HR,27,31,10,4.52,4,0
John Kim,28,Male,Manager,6,63,75,1.3,6,0
Sam Smith,26,Male,Manager,3,34,91,2.57,6,0
Dina Brown,38,Female,HR,6,39,43,3.05,10,0
Dina Smith,25,Female,Engineer,4,50,18,2.04,2,0
John Chen,25,Female,Manager,4,43,4,3.49,6,0
Max Lee,54,Female,HR,6,49,4,3.74,2,0
Alex Chen,40,Female,Analyst,7,60,97,1.07,8,1
Leo Garcia,31,Female,Sales,3,34,63,1.72,10,0
Ivan Garcia,50,Male,Engineer,16,58,17,1.05,5,0
Nina Brown,23,Female,HR,2,44,73,1.64,3,0
Max Brown,44,Male,Sales,16,36,67,3.1,9,0
Ivan Brown,38,Male,Manager,15,61,93,2.49,7,0
Sam Ivanov,26,Male,Manager,3,59,14,3.66,10,0
Kate Chen,57,Male,Manager,35,62,42,3.92,3,0
Kate Johnson,25,Female,Analyst,3,68,91,4.98,5,0
Ivan Lee,26,Male,HR,5,62,69,2.4,2,0
Alex Garcia,44,Female,Engineer,12,32,31,2.39,7,0
John Smith,46,Male,Sales,17,42,2,4.06,8,0
Ivan Garcia,32,Male,Manager,11,37,69,4.66,6,0
Lily Garcia,57,Male,Sales,24,70,97,3.73,7,0
Kate Wang,38,Female,HR,17,40,91,4.22,7,0
Lily Wang,31,Male,Manager,1,31,34,3.59,4,0
Ivan Kim,29,Male,Sales,1,30,29,1.87,9,0
Alex Petrov,43,Male,Analyst,8,53,93,4.98,1,0
Ivan Wang,23,Female,Manager,0,41,19,2.43,9,0
John Ivanov,41,Female,HR,18,65,69,1.26,4,0
Nina Kim,60,Female,Sales,29,35,14,2.33,9,0
John Brown,55,Male,Manager,29,68,63,1.35,2,0
Max Ivanov,34,Female,HR,3,44,33,2.39,5,0
Nina Smith,27,Male,Manager,3,62,30,3.41,2,0
John Smith,30,Male,Manager,5,44,7,3.8,1,0
Max Lee,31,Male,Engineer,1,46,98,3.6,6,0
Ivan Petrov,53,Male,HR,1,31,65,1.39,8,0
Nina Chen,38,Male,Engineer,14,58,67,1.14,5,0
Dina Johnson,28,Female,Sales,3,62,71,1.79,8,1
Kate Petrov,33,Male,Manager,8,45,32,3.32,6,0
John Garcia,60,Male,Manager,25,49,6,1.82,6,0
Max Petrov,40,Female,HR,12,39,26,4.25,1,0
Nina Brown,59,Male,Sales,28,60,20,3.51,9,0
Max Petrov,38,Female,Manager,6,42,87,2.75,7,0
John Johnson,36,Female,Analyst,15,57,82,2.31,9,1
Dina Petrov,49,Male,Sales,8,34,29,4.12,8,0
Kate Petrov,57,Male,HR,7,40,97,1.76,1,0
Lily Brown,57,Female,Analyst,27,58,15,4.19,9,0
Ivan Kim,25,Female,HR,0,33,53,3.94,4,0
Leo Ivanov,31,Female,Engineer,1,55,74,1.24,9,1
John Ivanov,23,Male,Sales,0,55,46,1.49,10,1
Leo Garcia,36,Female,Manager,2,32,83,4.43,4,0
Alex Kim,58,Female,Sales,6,46,56,3.89,10,0
Leo Smith,33,Male,Sales,10,63,79,1.36,1,0
Leo Petrov,34,Female,Engineer,6,64,72,4.93,3,0
Dina Petrov,42,Female,Sales,15,34,95,3.82,1,0
Kate Chen,42,Male,Analyst,19,38,84,2.79,1,0
John Brown,29,Female,Engineer,1,67,45,2.65,5,0
Lily Johnson,51,Male,Sales,9,33,7,4.05,8,0
Nina Smith,43,Male,Analyst,17,34,36,1.1,10,0
Kate Smith,57,Male,HR,1,51,48,1.02,10,1
Kate Kim,60,Male,Engineer,33,56,4,3.16,10,0
Alex Garcia,31,Male,HR,9,42,45,1.33,8,0
Max Johnson,51,Male,HR,13,33,91,2.97,1,0
Lily Kim,29,Male,Manager,1,35,55,1.24,8,0
Max Johnson,52,Male,Engineer,16,48,100,1.45,5,0
Kate Garcia,45,Female,Analyst,6,36,49,1.43,10,0
John Brown,47,Female,Manager,2,30,3,1.34,6,0
Sam Wang,28,Male,Analyst,5,33,63,2.49,5,0
Lily Wang,22,Female,Analyst,1,65,16,3.98,6,0
Nina Smith,39,Male,Analyst,10,46,17,4.54,3,0
Lily Brown,46,Female,Analyst,3,49,76,3.78,5,0
Leo Ivanov,29,Female,Manager,7,70,45,1.22,1,0
Alex Garcia,33,Female,Sales,9,66,91,2.96,1,0
Kate Petrov,40,Female,Analyst,15,65,85,2.89,5,0
Lily Kim,52,Male,Manager,18,55,39,1.5,1,0
Nina Johnson,59,Female,HR,37,61,25,3.1,7,0
Nina Kim,27,Male,Sales,4,51,11,3.41,1,0
Max Wang,51,Male,Engineer,25,49,25,3.79,10,0
Sam Ivanov,51,Female,Sales,29,31,60,4.14,1,0
Ivan Chen,30,Male,Manager,4,53,15,1.69,2,0
Kate Kim,48,Female,Analyst,15,54,16,4.02,2,0
Ivan Wang,34,Male,Engineer,12,33,31,2.99,3,0
Dina Petrov,56,Female,Sales,28,57,87,1.42,2,0
Sam Chen,22,Male,HR,0,30,27,2.54,9,0
Max Chen,25,Female,Sales,3,64,76,3.21,9,0
Leo Johnson,37,Female,Engineer,4,51,90,1.84,5,0
Dina Chen,25,Female,Manager,0,55,35,2.97,10,1
Sam Kim,29,Male,Manager,2,61,46,4.45,9,0
Max Chen,23,Female,Manager,0,35,60,2.71,6,0
Max Brown,28,Male,Sales,0,32,16,2.7,9,0
Dina Brown,42,Male,Engineer,3,57,10,3.72,4,0
Nina Johnson,57,Female,Manager,12,36,98,1.55,3,0
Alex Chen,43,Female,Engineer,16,59,46,1.54,4,0
Nina Smith,48,Male,HR,4,55,71,1.06,1,0
Lily Garcia,30,Male,Sales,1,40,96,1.59,7,0
Dina Petrov,57,Male,Analyst,19,48,63,4.57,4,0
Sam Wang,59,Female,Manager,32,69,42,4.47,3,0
Max Petrov,24,Male,Manager,2,57,50,1.39,4,0
Max Lee,28,Male,Engineer,2,39,51,1.86,4,0
Lily Smith,54,Male,Manager,2,30,75,2.5,1,0
Alex Chen,45,Female,Sales,24,36,42,3.04,6,0
John Kim,39,Female,HR,6,35,37,4.76,6,0
Ivan Ivanov,30,Female,Analyst,4,34,45,2.95,8,0
Leo Wang,26,Female,Analyst,5,41,100,1.5,6,0
Alex Garcia,44,Female,Analyst,23,33,35,2.27,4,0
Kate Brown,44,Female,HR,15,39,20,3.45,1,0
Ivan Chen,53,Male,Analyst,19,45,61,2.02,2,0
Alex Lee,26,Male,HR,5,44,51,1.53,8,0
Alex Kim,54,Male,Manager,29,62,25,3.68,10,0
Nina Wang,48,Male,Analyst,3,33,31,2.45,5,0
Sam Lee,50,Female,Analyst,2,41,85,2.47,7,0
Nina Petrov,24,Male,Analyst,2,57,73,2.36,1,0
Nina Ivanov,29,Female,Analyst,3,69,75,2.75,7,0
John Lee,24,Male,Sales,3,46,83,2.82,6,0
Leo Petrov,42,Male,Analyst,7,47,84,3.34,7,0
Kate Petrov,59,Female,Analyst,3,61,55,4.61,7,0
Sam Ivanov,30,Male,Manager,5,58,37,2.48,3,0
Lily Brown,47,Male,Engineer,22,44,53,2.61,8,0
Ivan Lee,45,Female,Engineer,13,42,74,4.27,7,0
Ivan Wang,31,Male,Analyst,5,62,10,1.38,6,0
Kate Ivanov,59,Female,HR,29,39,8,4.81,3,0
Sam Wang,50,Female,Manager,18,61,7,2.23,10,1
Sam Johnson,23,Female,Manager,0,59,93,3.34,3,0
Lily Chen,35,Female,Sales,9,52,67,2.72,2,0
Dina Ivanov,44,Male,HR,14,35,20,2.71,5,0
Leo Garcia,55,Male,Manager,20,48,36,4.26,8,0
Ivan Lee,46,Male,Manager,11,62,34,4.99,6,0
John Johnson,29,Female,Engineer,8,35,50,2.93,3,0
Nina Brown,60,Male,HR,34,43,78,4.41,7,0
Ivan Ivanov,24,Male,Analyst,0,36,83,3.61,1,0
Lily Wang,50,Female,Sales,4,64,14,1.78,3,0
Sam Lee,50,Male,HR,11,52,40,3.39,9,0
Leo Petrov,48,Male,Analyst,26,31,75,2.75,6,0
Max Ivanov,49,Female,Sales,24,68,98,1.8,4,0
Max Ivanov,45,Female,HR,18,39,56,1.36,6,0
Dina Ivanov,51,Female,Manager,26,52,50,2.64,3,0
Kate Brown,58,Male,Analyst,11,38,68,4.23,1,0
Ivan Johnson,54,Male,Sales,2,60,31,4.94,6,0
Lily Lee,22,Female,Manager,0,41,19,1.48,5,0
Max Lee,32,Female,Sales,9,64,24,4.55,3,0
Leo Ivanov,60,Female,Engineer,13,56,20,2.38,6,0
John Garcia,50,Male,Sales,13,57,80,3.15,10,0
Nina Johnson,55,Female,Analyst,2,47,78,1.33,1,0
Leo Ivanov,47,Male,Analyst,23,50,48,1.6,3,0
Max Johnson,48,Female,HR,15,54,29,2.85,8,1
Sam Garcia,30,Male,Manager,7,50,63,3.87,3,0
Sam Smith,48,Female,HR,16,48,35,1.22,5,0
Max Johnson,30,Male,Engineer,3,47,78,2.72,8,0
Max Garcia,29,Female,Engineer,8,50,81,1.47,3,0
Dina Smith,39,Female,HR,16,33,89,3.25,8,0
Max Lee,48,Female,Manager,14,30,36,1.81,3,0
Leo Lee,29,Female,Sales,3,43,36,4.45,7,0
Dina Garcia,35,Male,Engineer,6,52,78,1.52,9,1
Kate Wang,51,Male,HR,20,38,21,1.85,6,0
Dina Garcia,43,Male,Sales,18,31,91,3.0,2,0
Dina Ivanov,27,Male,Manager,4,66,53,3.18,10,0
Sam Ivanov,41,Male,HR,3,34,31,2.05,3,0
Kate Smith,49,Male,Analyst,8,58,95,1.49,1,0
Sam Kim,33,Male,Sales,4,35,49,1.9,9,0
Dina Chen,39,Male,Engineer,0,38,86,4.66,4,0
Leo Lee,27,Female,HR,4,60,1,3.24,8,0
Sam Brown,53,Male,Engineer,10,57,65,2.97,2,0
Lily Johnson,25,Male,Sales,3,48,72,4.03,1,0
Ivan Lee,59,Female,Analyst,33,62,33,4.75,1,0
Lily Lee,48,Male,Sales,15,51,98,1.66,6,0
Alex Lee,45,Male,Analyst,13,35,6,3.52,3,0
Max Johnson,56,Female,Analyst,35,62,13,2.97,2,0
Nina Garcia,23,Female,Sales,2,61,1,2.63,6,0
Alex Brown,23,Male,Sales,1,30,22,1.26,5,0
Kate Ivanov,22,Male,Engineer,1,33,43,4.74,3,0
Kate Ivanov,57,Female,Analyst,2,62,95,2.4,3,0
Max Kim,54,Female,Analyst,22,52,55,4.1,2,0
Ivan Lee,33,Male,Sales,2,55,24,4.19,4,0
Leo Johnson,48,Female,Analyst,22,43,59,1.81,3,0
Nina Petrov,30,Male,Manager,4,57,42,4.62,6,0
Kate Kim,34,Male,Manager,13,32,75,4.8,6,0
Sam Brown,30,Male,Sales,6,38,50,4.53,5,0
John Chen,41,Female,Engineer,18,41,45,1.68,2,0
Alex Lee,39,Female,Manager,12,60,89,3.75,7,0
Max Ivanov,40,Male,Sales,9,38,22,1.55,1,0
Nina Wang,43,Female,Manager,3,32,94,2.08,4,0
Dina Ivanov,59,Male,Engineer,3,48,30,4.53,9,0
John Lee,27,Male,Analyst,2,31,43,2.54,8,0
Alex Lee,37,Female,Manager,12,57,88,2.18,5,0
Dina Johnson,27,Female,Manager,5,30,40,3.05,8,0
Kate Brown,48,Male,Engineer,12,53,12,3.83,2,0
Lily Petrov,60,Female,Analyst,19,68,100,1.78,4,0
Dina Petrov,23,Male,Manager,2,49,39,4.35,6,0
Lily Wang,53,Male,Analyst,19,38,78,4.18,4,0
Leo Lee,27,Male,Manager,0,59,42,3.04,10,0
Leo Lee,59,Male,Analyst,23,43,6,4.95,9,0
Kate Johnson,50,Female,HR,21,58,61,2.26,8,1
Kate Garcia,57,Male,HR,8,48,42,3.03,9,0
Kate Petrov,52,Male,HR,30,53,17,3.62,7,0
Sam Ivanov,44,Female,Analyst,13,52,49,1.25,8,1
Leo Wang,37,Male,Sales,8,31,41,2.58,5,0
Leo Garcia,22,Female,Manager,1,60,79,1.21,10,1
Alex Petrov,50,Female,Engineer,7,69,30,5.0,9,0
Nina Ivanov,49,Male,Sales,15,68,15,1.28,5,0
Max Chen,32,Female,HR,7,68,37,1.88,9,1
Leo Petrov,32,Female,Manager,2,48,61,1.58,10,0
Ivan Lee,60,Female,Sales,6,39,92,2.33,4,0
John Garcia,36,Male,Manager,14,31,59,2.14,4,0
John Lee,53,Male,Analyst,29,52,32,4.0,3,0
Leo Chen,27,Female,Analyst,1,65,86,4.16,1,0
Kate Chen,30,Male,Sales,4,70,83,4.16,1,0
Lily Kim,47,Female,Sales,6,42,7,3.62,1,0
Max Johnson,50,Female,Engineer,23,43,9,2.8,1,0
Leo Petrov,27,Male,Sales,0,58,3,3.64,6,0
Sam Chen,45,Female,Analyst,22,41,52,2.71,10,0
Sam Brown,56,Female,HR,27,68,24,4.93,4,0
Nina Kim,39,Female,Manager,17,62,17,4.29,1,0
Ivan Ivanov,54,Female,Analyst,11,47,82,3.39,3,0
Max Kim,57,Male,Sales,22,34,10,4.42,6,0
Ivan Smith,38,Male,Sales,11,58,48,4.78,8,0
John Wang,43,Male,Analyst,17,33,38,4.5,2,0
Alex Garcia,43,Male,Sales,6,30,81,4.07,3,0
Leo Brown,23,Female,Engineer,2,30,96,4.34,9,0
Nina Petrov,39,Female,Engineer,9,41,74,1.15,4,0
Max Johnson,50,Male,HR,11,69,66,4.89,8,0
Dina Ivanov,53,Female,Manager,29,53,67,3.41,8,0
Ivan Wang,35,Male,Analyst,3,61,76,1.71,2,0
Nina Brown,46,Female,Manager,22,45,72,2.46,10,0
Alex Wang,28,Male,Sales,1,57,24,2.26,8,1
Nina Smith,50,Female,Manager,18,40,22,4.48,3,0
Lily Garcia,24,Male,Sales,3,68,94,1.54,2,0
Sam Kim,43,Female,HR,11,68,42,4.89,5,0
Ivan Chen,44,Female,Engineer,20,56,41,2.0,1,0
Dina Petrov,32,Male,Sales,11,61,26,3.95,10,0
Sam Petrov,28,Male,Manager,6,56,77,4.29,9,0
John Petrov,40,Female,Engineer,7,61,43,1.41,1,0
Max Johnson,50,Male,Analyst,25,38,96,3.96,10,0
Leo Wang,31,Female,HR,6,55,85,4.84,6,0
Max Wang,28,Male,Manager,6,56,34,2.29,8,1
Lily Lee,48,Male,HR,27,51,64,1.67,6,0
Leo Brown,60,Female,HR,9,55,20,3.48,9,0
John Brown,44,Female,Manager,23,57,48,3.96,1,0
Leo Johnson,59,Male,Manager,33,30,46,1.99,10,0
John Chen,23,Female,Engineer,0,46,15,3.38,9,0
Leo Johnson,46,Male,Sales,2,36,88,3.58,2,0
Dina Ivanov,52,Female,Engineer,4,37,8,2.79,8,0
Alex Brown,31,Male,Analyst,9,64,50,4.59,9,0
Leo Chen,26,Female,Engineer,2,46,92,2.58,8,0
Kate Garcia,58,Male,HR,13,58,33,3.36,9,0
Alex Wang,24,Male,HR,1,59,63,2.0,8,1
Kate Brown,52,Female,Engineer,6,39,73,3.75,8,0
John Smith,31,Female,Manager,7,48,56,4.7,6,0
Sam Garcia,30,Female,Manager,7,55,48,3.24,5,0
Alex Kim,22,Female,Analyst,1,43,27,3.98,1,0
Dina Garcia,41,Male,Manager,18,35,50,1.88,1,0
Max Ivanov,36,Female,Analyst,8,31,36,1.32,3,0
Nina Garcia,27,Female,Manager,0,39,5,2.71,4,0
Alex Chen,48,Male,Engineer,0,40,65,1.44,9,0
Ivan Petrov,29,Male,Sales,0,54,27,4.11,8,0
Dina Kim,22,Female,HR,1,65,99,2.75,2,0
Alex Petrov,30,Male,Engineer,1,48,88,4.17,10,0
Dina Ivanov,59,Female,Manager,11,54,8,1.39,4,0
Alex Smith,29,Female,Sales,4,39,47,3.67,3,0
Nina Lee,48,Male,Engineer,5,33,81,2.27,5,0
Leo Wang,40,Male,Engineer,16,47,46,4.48,8,0
Leo Chen,59,Female,Sales,31,50,81,2.2,6,0
Dina Wang,42,Male,Engineer,0,52,32,2.93,10,1
Leo Kim,23,Female,HR,1,48,42,3.09,6,0
Kate Chen,58,Female,Sales,0,31,41,1.47,10,0
Nina Smith,54,Female,Manager,1,41,34,1.68,10,0
Nina Garcia,25,Male,Sales,1,64,25,4.88,8,0
Nina Brown,44,Female,Sales,18,57,53,4.45,1,0
Lily Johnson,50,Male,HR,27,40,37,3.31,9,0
Sam Johnson,49,Male,Analyst,24,59,48,3.29,10,0
Leo Wang,33,Female,HR,7,32,75,1.75,9,0
Max Brown,31,Female,Engineer,5,44,81,3.17,3,0
Sam Smith,25,Male,Engineer,3,38,70,3.29,10,0
Dina Ivanov,34,Male,Analyst,3,62,48,1.84,8,1
Alex Garcia,29,Male,Engineer,6,70,86,2.88,9,1
Ivan Wang,44,Female,Manager,18,33,14,3.69,8,0
Max Johnson,59,Male,Sales,18,62,24,4.74,2,0
Kate Garcia,30,Male,HR,8,55,37,4.85,9,0
Max Kim,26,Female,Analyst,3,58,8,2.6,2,0
Ivan Chen,36,Male,Manager,0,64,93,3.15,4,0
Kate Chen,59,Male,Analyst,38,61,52,3.61,9,0
Nina Ivanov,53,Male,Sales,0,44,31,4.71,2,0
Dina Ivanov,33,Female,Sales,11,66,96,3.14,6,0
Kate Smith,24,Female,Analyst,3,69,70,3.07,7,0
Sam Ivanov,42,Female,Engineer,4,57,87,3.11,2,0
Alex Kim,58,Male,Sales,33,32,39,1.59,4,0
John Brown,51,Female,Sales,3,46,27,1.0,10,0
Kate Kim,52,Male,HR,24,37,40,4.26,8,0
Max Ivanov,34,Female,HR,13,39,51,2.63,9,0
Kate Garcia,31,Male,Sales,10,46,12,3.02,7,0
Kate Lee,32,Female,Manager,5,55,12,2.16,9,1
Nina Johnson,48,Female,Engineer,10,61,37,3.69,5,0
Sam Johnson,28,Female,HR,2,64,54,3.14,2,0
Nina Wang,58,Male,Engineer,36,46,70,3.79,7,0
John Petrov,28,Female,Engineer,4,68,30,1.26,1,0
Ivan Johnson,54,Male,Engineer,16,44,93,2.26,9,0
Ivan Johnson,51,Female,Sales,21,59,39,4.58,10,0
Nina Lee,56,Male,Sales,30,67,8,4.52,4,0
Nina Garcia,40,Male,Manager,9,34,30,2.37,8,0
John Kim,22,Female,HR,1,43,52,2.85,1,0
Lily Kim,22,Male,Analyst,0,47,37,2.35,2,0
John Lee,27,Female,Engineer,1,38,97,3.94,9,0
Dina Smith,43,Female,Sales,1,53,65,3.24,4,0
Lily Lee,45,Female,Engineer,15,33,38,2.45,6,0
Leo Brown,33,Female,HR,9,45,100,3.92,3,0
Alex Lee,49,Male,Analyst,14,58,25,4.44,7,0
Kate Smith,23,Female,Sales,0,53,41,3.38,2,0
Max Smith,26,Female,HR,1,38,4,2.01,1,0
Lily Smith,45,Male,Engineer,1,59,65,3.15,4,0
Sam Chen,59,Male,Engineer,13,47,19,3.98,2,0
Alex Wang,36,Male,HR,13,53,23,1.7,9,1
Leo Smith,58,Female,HR,36,36,12,2.83,7,0
Ivan Johnson,43,Male,Analyst,3,53,36,2.3,3,0
Nina Lee,60,Female,Sales,0,59,91,4.1,1,0
Nina Ivanov,36,Male,HR,6,67,49,4.38,1,0
Kate Petrov,51,Female,HR,26,32,47,1.97,7,0
Dina Petrov,51,Male,Analyst,5,31,26,4.96,8,0
Ivan Garcia,46,Female,Analyst,2,40,31,3.45,10,0
John Wang,23,Female,HR,1,44,90,1.62,5,0
Leo Petrov,60,Male,HR,33,63,32,3.61,8,0
Nina Kim,32,Male,Analyst,9,49,75,4.52,10,0
Sam Johnson,51,Female,HR,11,59,71,2.56,9,1
John Chen,29,Male,Analyst,6,38,39,1.22,9,0
Max Smith,38,Female,Sales,11,54,1,2.23,8,1
Dina Wang,30,Male,Engineer,3,64,61,4.73,9,0
Ivan Smith,52,Male,Analyst,23,41,77,3.58,8,0
Max Brown,55,Male,Analyst,31,54,38,4.16,8,0
Lily Lee,60,Female,Engineer,24,31,43,4.1,1,0
Nina Chen,37,Male,Engineer,0,57,71,3.06,6,0
Nina Chen,50,Male,Manager,23,38,12,3.48,9,0
Dina Garcia,54,Female,Engineer,10,39,67,3.78,1,0
Leo Chen,27,Male,Sales,0,46,35,4.7,3,0
Nina Smith,48,Male,Analyst,12,44,73,3.33,6,0
Ivan Kim,46,Male,Analyst,17,42,67,1.41,10,0
Ivan Johnson,28,Female,Manager,1,33,38,2.32,8,0
Lily Petrov,33,Male,Sales,11,57,85,1.73,7,0
Ivan Ivanov,38,Male,Analyst,14,35,44,3.91,10,0
Lily Smith,35,Male,Sales,4,67,24,4.31,8,0
Kate Brown,42,Female,Manager,8,64,98,3.23,7,0
Leo Lee,49,Male,Sales,27,37,19,2.25,8,0
Lily Chen,51,Female,Sales,16,32,74,4.12,5,0
Ivan Smith,48,Female,HR,26,41,99,1.18,9,0
Sam Chen,53,Female,HR,0,46,57,3.0,10,0
Lily Kim,43,Male,Sales,10,31,45,4.04,7,0
Leo Brown,46,Female,Analyst,15,33,19,4.27,9,0
Ivan Smith,54,Male,Sales,33,41,65,1.31,9,0
Lily Ivanov,47,Male,Manager,12,41,63,3.48,3,0
Sam Lee,59,Male,Sales,18,48,64,2.53,3,0
Nina Johnson,27,Female,Analyst,1,35,72,1.54,6,0
Lily Wang,27,Female,Engineer,5,37,33,4.85,3,0
Dina Smith,50,Female,Sales,28,51,45,1.7,2,0
Lily Chen,54,Male,Sales,30,61,37,1.8,8,1
Alex Brown,39,Female,Engineer,2,61,23,3.83,4,0
Alex Ivanov,32,Male,HR,8,41,16,3.62,3,0
Lily Wang,39,Male,Analyst,4,38,89,3.25,7,0
Ivan Kim,38,Female,Engineer,11,58,36,4.88,3,0
Sam Chen,34,Male,Manager,4,59,9,4.29,10,0
Ivan Petrov,37,Female,Sales,15,36,5,3.96,6,0
John Chen,48,Female,Analyst,19,58,49,1.46,9,1
John Smith,26,Female,Analyst,4,33,71,2.61,3,0
Kate Smith,38,Female,Engineer,13,40,81,3.17,6,0
Lily Kim,33,Male,Engineer,9,53,36,2.17,2,0
Ivan Garcia,39,Male,Sales,14,61,100,1.16,2,0
Alex Smith,25,Male,Sales,3,48,100,1.3,4,0
Leo Lee,40,Female,Engineer,1,65,72,4.49,5,0
Leo Brown,27,Female,HR,6,41,51,3.26,2,0
Max Brown,54,Female,Engineer,2,70,64,1.72,1,0
Nina Garcia,22,Male,HR,1,64,90,4.68,7,0
Max Ivanov,43,Female,Analyst,6,40,68,3.91,4,0
Kate Garcia,42,Male,HR,14,46,8,2.65,10,0
John Petrov,55,Female,Sales,10,44,62,3.9,10,0
Ivan Kim,58,Female,Sales,9,65,29,1.6,2,0
John Petrov,39,Male,Manager,6,61,7,2.66,1,0
Max Wang,27,Female,Sales,5,62,41,3.25,10,0
John Chen,32,Female,Analyst,5,45,99,1.53,4,0
John Ivanov,22,Male,Engineer,0,30,98,4.71,5,0
Max Johnson,48,Female,Engineer,4,41,76,3.11,10,0
Sam Smith,58,Female,Manager,11,31,56,2.04,4,0
Nina Kim,28,Male,Engineer,0,36,42,3.49,4,0
Dina Chen,33,Male,Sales,5,39,63,1.16,6,0
John Johnson,27,Female,HR,5,48,86,2.44,10,0
Max Wang,39,Male,Sales,8,49,94,2.68,7,0
Kate Chen,52,Male,Manager,30,48,6,1.83,3,0
Leo Kim,27,Female,Engineer,1,34,96,2.18,5,0
Leo Garcia,41,Female,Manager,16,69,99,2.28,7,0
Ivan Petrov,24,Male,Analyst,3,67,5,4.94,8,0
Dina Wang,26,Male,Manager,0,48,25,4.3,2,0
Alex Chen,45,Male,HR,13,35,36,4.31,8,0
Ivan Wang,58,Male,Sales,14,60,96,1.76,2,0
Dina Johnson,48,Male,HR,17,45,30,1.22,8,0
Nina Smith,53,Female,Engineer,31,67,85,1.41,1,0
Sam Wang,43,Male,Engineer,8,59,32,2.45,3,0
Leo Brown,33,Female,Manager,7,53,64,4.92,5,0
Lily Garcia,52,Female,Analyst,28,42,55,3.17,1,0
Nina Smith,37,Female,HR,11,65,27,3.32,10,0
Leo Petrov,55,Female,Analyst,3,64,32,2.49,3,0
Ivan Wang,30,Female,Manager,3,56,14,1.4,5,0
Nina Lee,59,Male,Sales,8,47,5,3.37,2,0
Kate Kim,47,Female,Engineer,12,52,67,4.95,3,0
Lily Johnson,59,Male,Sales,33,67,59,4.89,6,0
Leo Garcia,40,Male,Manager,18,54,38,4.85,3,0
Lily Garcia,55,Male,HR,3,59,51,1.51,8,1
Alex Petrov,34,Female,Sales,12,33,11,2.18,1,0
Ivan Kim,40,Female,Sales,6,63,93,1.68,9,1
Sam Ivanov,56,Female,Analyst,18,40,72,3.22,4,0
Max Smith,51,Female,HR,2,48,51,4.79,6,0
Ivan Ivanov,27,Male,Manager,1,68,90,2.75,1,0
Ivan Smith,42,Female,HR,15,49,19,3.79,6,0
Leo Smith,34,Male,Manager,8,37,49,4.23,4,0
Ivan Lee,54,Male,Engineer,21,51,59,1.73,7,0
Sam Wang,33,Male,Sales,5,32,96,1.68,10,0
Sam Kim,38,Female,HR,4,47,59,2.17,1,0
Alex Lee,55,Male,Engineer,26,70,12,2.21,9,1
Leo Brown,48,Female,Analyst,8,32,35,2.09,1,0
Sam Petrov,45,Female,HR,17,40,81,3.5,7,0
Nina Garcia,58,Female,HR,22,63,88,3.73,3,0
Leo Lee,25,Male,Analyst,0,67,92,2.27,5,0
John Ivanov,49,Female,HR,11,37,53,3.31,6,0
John Petrov,56,Male,Analyst,18,41,27,2.69,5,0
Lily Wang,32,Female,HR,9,57,17,1.88,5,0
Nina Johnson,23,Male,HR,1,36,70,1.29,7,0
Ivan Johnson,54,Female,Analyst,16,69,17,4.12,1,0
Kate Lee,45,Male,Sales,0,52,25,1.22,6,0
Nina Lee,45,Male,Engineer,4,56,62,4.54,6,0
Alex Kim,35,Male,Engineer,10,64,53,2.57,9,1
Kate Ivanov,56,Male,Engineer,9,56,76,2.33,7,0
Max Garcia,41,Male,HR,11,38,8,4.21,5,0
Leo Garcia,49,Female,Sales,27,44,22,3.54,8,0
Alex Johnson,44,Male,Sales,17,39,6,1.05,1,0
Alex Wang,50,Male,Manager,28,61,76,3.74,7,0
Lily Brown,33,Male,HR,1,56,96,1.64,3,0
Lily Johnson,44,Male,HR,13,40,6,3.31,2,0
Max Petrov,57,Male,Sales,13,52,74,4.77,2,0
Kate Kim,26,Female,Engineer,0,56,66,1.19,6,0
Sam Chen,41,Male,HR,19,69,35,4.41,7,0
John Petrov,46,Male,Manager,4,57,68,2.89,9,1
Alex Lee,26,Female,Manager,1,59,46,3.13,9,0
Sam Smith,34,Female,Manager,7,30,82,4.15,7,0
Lily Garcia,37,Male,Manager,9,43,34,1.18,8,0
John Johnson,23,Male,Analyst,2,50,21,3.32,3,0
Dina Petrov,49,Male,Analyst,8,60,39,4.25,1,0
Kate Petrov,59,Female,Sales,14,58,83,1.55,3,0
Nina Smith,22,Male,Sales,1,57,13,3.94,1,0
Ivan Petrov,38,Female,Sales,16,65,7,1.4,9,1
Alex Kim,41,Male,HR,4,49,80,2.89,10,0
Alex Garcia,49,Male,Engineer,8,36,72,4.6,9,0
Ivan Chen,44,Female,Manager,6,39,24,1.68,5,0
John Wang,41,Male,Analyst,19,65,51,2.67,4,0
Ivan Chen,27,Male,Analyst,4,48,53,2.37,5,0
Ivan Petrov,55,Female,Engineer,0,39,21,1.99,7,0
Leo Brown,22,Female,HR,0,57,18,4.29,6,0
John Kim,22,Female,Analyst,0,67,89,1.74,1,0
Sam Garcia,38,Female,Manager,12,66,26,3.79,6,0
Ivan Wang,46,Female,Sales,19,38,16,4.06,5,0
Sam Wang,31,Female,Analyst,1,42,13,3.93,6,0
Leo Garcia,56,Female,HR,4,36,59,2.4,2,0
Kate Chen,25,Male,Sales,2,52,57,3.78,5,0
Ivan Smith,57,Female,Manager,27,30,53,1.32,2,0
Max Ivanov,51,Female,Sales,10,34,48,2.11,7,0
Leo Ivanov,55,Male,Sales,23,30,46,2.05,8,0
John Ivanov,27,Male,Analyst,3,35,65,1.06,7,0
Max Brown,30,Female,Engineer,3,37,14,4.32,7,0
Lily Ivanov,43,Female,Engineer,11,51,71,2.59,4,0
Dina Lee,28,Male,HR,6,57,82,2.04,7,0
Dina Brown,35,Female,Engineer,1,64,89,4.18,7,0
Ivan Petrov,56,Male,HR,12,54,29,4.04,4,0
Lily Petrov,35,Male,Analyst,6,31,76,2.29,6,0
Sam Chen,49,Female,Manager,10,61,13,2.15,1,0
John Brown,35,Male,Sales,12,35,71,3.65,5,0
Dina Lee,23,Male,Sales,2,61,66,1.87,6,0
Lily Wang,45,Female,Analyst,6,50,13,3.59,8,0
Kate Chen,29,Female,Engineer,5,49,99,3.66,8,0
Leo Petrov,56,Female,Engineer,31,50,45,2.85,10,0
Sam Lee,59,Female,Analyst,18,61,85,3.28,9,0
Alex Brown,47,Female,Engineer,10,33,24,3.63,1,0
Sam Lee,40,Male,Manager,4,69,15,3.88,3,0
Max Smith,30,Female,Manager,0,63,48,1.61,6,0
Leo Smith,58,Female,HR,17,70,67,3.97,7,0
John Chen,58,Female,Engineer,37,58,24,4.91,9,0
Max Ivanov,22,Male,Analyst,1,44,87,1.4,1,0
John Petrov,60,Male,Sales,24,32,24,4.77,2,0
Ivan Brown,27,Male,Engineer,3,50,51,1.94,6,0
Leo Garcia,22,Female,Engineer,1,58,28,2.57,7,0
Ivan Lee,26,Male,Analyst,4,68,39,3.32,5,0
Max Brown,22,Male,Sales,0,53,28,4.24,8,0
Ivan Smith,35,Male,Analyst,9,31,73,3.15,10,0
Sam Ivanov,39,Female,Analyst,13,69,62,3.69,1,0
Sam Wang,40,Female,Engineer,4,43,28,1.65,7,0
Ivan Johnson,43,Female,Engineer,14,51,84,3.77,6,0
Nina Ivanov,23,Male,Manager,2,46,87,3.15,9,0
Max Wang,44,Female,Sales,21,48,83,2.01,2,0
Lily Garcia,32,Male,Manager,7,37,50,1.01,2,0
Max Smith,29,Male,Sales,5,38,43,3.14,9,0
Leo Smith,59,Male,Analyst,10,43,43,2.68,2,0
Dina Kim,37,Female,Manager,6,61,71,1.12,3,0
Lily Wang,59,Male,Manager,24,41,95,1.35,9,0
Sam Wang,58,Female,HR,1,48,97,4.05,6,0
Sam Lee,46,Female,Analyst,16,32,42,3.4,5,0
Lily Garcia,49,Female,Engineer,8,68,76,1.4,5,0
Dina Johnson,39,Female,Manager,11,31,44,3.05,5,0
Nina Petrov,29,Female,Manager,2,36,22,3.02,7,0
Leo Lee,44,Female,Engineer,8,39,70,2.91,3,0
Alex Lee,23,Male,Sales,1,36,96,2.06,6,0
Leo Smith,48,Female,Sales,11,38,18,1.4,9,0
Sam Chen,49,Male,Sales,22,32,65,3.36,3,0
Dina Petrov,43,Female,Manager,0,36,67,2.52,4,0
Dina Kim,56,Female,Sales,35,67,39,1.43,7,0
Ivan Brown,47,Female,HR,25,68,8,3.68,9,0
Ivan Brown,24,Female,Engineer,1,57,8,4.36,2,0
Nina Lee,47,Female,Manager,25,55,45,3.01,5,0
Kate Brown,58,Male,Analyst,30,56,36,4.13,8,0
Leo Wang,27,Male,Sales,4,68,37,1.15,6,0
Dina Chen,46,Female,HR,11,38,1,1.81,5,0
Kate Ivanov,58,Female,Sales,35,38,11,2.29,6,0
Ivan Kim,47,Female,Manager,23,67,27,2.25,3,0
Max Wang,38,Female,Manager,2,55,78,4.57,9,0
Alex Chen,43,Female,Engineer,19,53,10,1.35,10,1
Leo Brown,23,Female,Analyst,0,57,70,2.48,3,0
Ivan Brown,53,Female,Engineer,24,31,77,3.94,4,0
Dina Chen,31,Female,HR,0,35,77,1.44,6,0
Dina Garcia,43,Female,Sales,2,43,81,2.08,5,0
Dina Lee,24,Female,Engineer,3,52,67,1.48,10,1
John Wang,49,Female,Analyst,12,45,5,3.19,8,0
Max Brown,28,Male,Engineer,4,43,94,1.2,2,0
Lily Wang,54,Female,Sales,33,41,43,4.68,9,0
John Wang,53,Female,Manager,7,52,42,4.57,7,0
Alex Lee,27,Female,Engineer,1,47,74,1.62,1,0
John Petrov,29,Female,Analyst,5,38,62,2.29,3,0
Max Kim,40,Female,Analyst,13,40,22,3.71,3,0
Alex Brown,26,Male,Manager,3,32,17,2.85,6,0
Dina Wang,40,Male,Manager,17,70,8,2.88,9,1
Lily Garcia,35,Male,Manager,8,48,15,4.16,8,0
Sam Petrov,50,Male,Manager,28,34,15,4.54,7,0
Sam Lee,29,Male,Engineer,6,62,23,2.78,3,0
Kate Garcia,38,Male,Sales,13,42,58,4.44,4,0
Dina Garcia,37,Male,HR,13,48,63,4.12,10,0
Dina Kim,23,Female,HR,1,45,91,4.0,2,0
Kate Garcia,25,Male,Analyst,0,56,33,4.87,3,0
Leo Kim,35,Female,HR,0,48,75,4.29,1,0
Dina Kim,40,Male,Sales,18,57,41,2.88,7,0
Leo Smith,28,Male,Analyst,0,45,76,4.42,6,0
Alex Lee,37,Male,Manager,11,59,77,1.51,1,0
Max Ivanov,38,Female,HR,7,44,8,1.22,8,0
Kate Wang,27,Male,Analyst,6,48,32,1.18,5,0
Ivan Lee,25,Female,Engineer,0,67,37,4.06,2,0
Lily Brown,58,Female,Sales,22,64,77,4.42,2,0
Leo Wang,44,Female,Analyst,23,32,94,1.63,9,0
Lily Ivanov,25,Male,HR,1,38,39,1.73,5,0
Leo Ivanov,25,Female,Sales,2,32,65,2.9,9,0
John Smith,30,Female,Manager,2,43,60,4.84,4,0
Max Brown,43,Female,HR,8,70,94,2.78,9,1
John Ivanov,44,Female,Sales,5,38,0,5.0,4,0
Dina Johnson,37,Male,Sales,6,57,45,3.65,9,0
Alex Petrov,44,Female,HR,5,62,63,3.44,7,0
Kate Lee,25,Male,Sales,0,57,99,4.33,7,0
John Brown,38,Female,HR,9,67,29,2.35,8,1
Sam Brown,26,Male,Sales,0,59,54,2.7,1,0
Lily Lee,59,Male,Analyst,19,53,9,1.56,9,1
Max Garcia,37,Male,Manager,5,64,43,3.41,6,0
Dina Garcia,51,Female,Manager,11,48,81,3.38,4,0
Lily Johnson,34,Male,Engineer,11,37,63,2.46,2,0
Leo Wang,57,Female,Engineer,16,30,90,3.16,9,0
Max Wang,60,Male,Analyst,33,58,51,4.22,8,0
Alex Johnson,58,Male,Sales,28,42,25,1.33,10,0
John Ivanov,23,Female,HR,2,66,47,1.27,9,1
Alex Johnson,25,Female,Analyst,1,60,55,3.39,4,0
Kate Ivanov,23,Male,HR,0,40,53,2.44,5,0
Kate Chen,53,Male,Analyst,10,50,41,1.12,8,0
John Chen,59,Male,Analyst,38,36,22,3.22,8,0
Nina Chen,45,Male,HR,9,38,56,3.67,5,0
Lily Ivanov,51,Female,Analyst,4,60,2,1.41,6,0
Ivan Kim,55,Female,Manager,4,36,38,4.17,5,0
Nina Wang,33,Male,Analyst,8,51,11,2.01,5,0
Alex Ivanov,41,Male,Manager,18,58,5,3.5,4,0
Kate Kim,24,Male,Analyst,1,44,5,3.41,7,0
Leo Wang,31,Female,HR,6,34,44,2.34,3,0
Max Lee,55,Male,HR,1,34,34,2.81,1,0
Ivan Wang,57,Female,Sales,9,66,76,1.26,8,1
Max Chen,38,Male,Analyst,1,47,22,4.9,1,0
Nina Garcia,49,Male,Engineer,25,62,9,2.76,1,0
Kate Wang,48,Female,Analyst,0,45,50,4.47,8,0
Leo Ivanov,39,Male,Engineer,2,67,49,1.07,5,0
Nina Wang,25,Female,HR,1,70,85,2.7,9,1
Dina Petrov,60,Male,Engineer,32,40,30,3.82,3,0
Leo Ivanov,51,Male,Sales,7,68,7,3.12,3,0
Sam Petrov,26,Male,Manager,1,34,46,1.96,1,0
Leo Wang,59,Male,Sales,9,55,68,3.95,4,0
Nina Chen,40,Female,HR,6,37,95,2.21,7,0
Max Petrov,31,Female,HR,4,50,99,3.42,7,0
Ivan Garcia,48,Female,Analyst,12,56,11,4.65,2,0
Nina Ivanov,39,Female,HR,15,35,14,1.95,1,0
Kate Kim,30,Female,Analyst,4,44,86,1.03,7,0
Alex Petrov,53,Male,Sales,22,35,94,1.28,6,0
Leo Johnson,34,Female,Analyst,8,55,7,1.4,1,0
Nina Wang,36,Female,Analyst,12,33,34,4.45,1,0
Sam Garcia,28,Female,HR,4,42,57,1.41,6,0
Ivan Johnson,50,Male,Sales,17,44,65,4.42,10,0
Leo Wang,35,Male,Engineer,5,57,72,4.06,8,0
Alex Kim,37,Male,Analyst,12,45,32,2.49,4,0
Leo Brown,33,Male,Analyst,8,44,24,1.42,10,0
Sam Kim,53,Male,HR,16,52,47,4.79,1,0
Kate Kim,29,Male,HR,8,64,29,1.13,10,1
John Smith,53,Male,Engineer,29,49,20,3.03,9,0
John Ivanov,42,Female,Engineer,5,46,62,2.9,1,0
John Brown,46,Female,Engineer,9,38,23,2.04,1,0
Alex Lee,60,Female,Manager,29,64,59,2.88,8,1
Dina Garcia,25,Female,Manager,2,49,45,3.53,9,0
Nina Ivanov,57,Male,Engineer,11,61,14,1.91,5,0
Max Johnson,34,Female,HR,0,40,22,3.19,5,0
John Lee,23,Male,Engineer,1,64,72,4.91,8,0
Kate Chen,56,Male,HR,10,33,97,4.81,3,0
John Kim,24,Male,Sales,3,49,67,1.47,9,0
Kate Smith,33,Male,Engineer,8,68,49,2.34,7,0
Sam Wang,45,Male,HR,4,69,97,3.6,4,0
Sam Kim,35,Female,Sales,8,50,82,4.77,5,0
Dina Garcia,42,Male,Sales,20,37,17,2.02,6,0
John Garcia,36,Female,HR,15,49,62,2.64,5,0
Dina Petrov,47,Male,Analyst,20,30,90,1.27,4,0
Leo Petrov,27,Male,Manager,2,35,42,4.94,3,0
Leo Lee,27,Female,Sales,6,54,95,4.3,10,0
Alex Kim,35,Male,Analyst,2,65,45,1.91,8,1
Lily Chen,31,Female,HR,2,42,36,1.53,4,0
Alex Brown,58,Male,Analyst,18,45,58,2.91,1,0
Lily Garcia,36,Male,Engineer,7,62,45,3.82,5,0
Ivan Garcia,26,Female,HR,3,70,5,2.88,1,0
Leo Garcia,33,Female,Analyst,9,62,4,1.35,9,1
Nina Garcia,38,Male,Engineer,10,46,71,3.92,1,0
Kate Brown,27,Female,Engineer,2,40,71,2.99,8,0
Kate Brown,22,Male,HR,0,33,26,3.79,7,0
Ivan Kim,60,Male,HR,28,36,54,1.88,8,0
Max Johnson,36,Female,Engineer,8,34,74,3.38,7,0
Sam Petrov,31,Female,HR,8,33,42,3.86,10,0
Alex Garcia,35,Female,Manager,11,65,16,4.28,1,0
Lily Ivanov,29,Male,Analyst,4,38,7,3.02,4,0
Nina Brown,37,Male,Manager,8,69,86,4.36,2,0
Kate Garcia,60,Male,Manager,31,38,33,4.92,8,0
John Lee,40,Male,HR,8,51,72,3.99,10,0
Ivan Chen,31,Male,Analyst,10,60,28,2.45,6,0
Leo Kim,35,Male,Analyst,14,56,78,2.35,1,0
Max Wang,36,Male,Analyst,7,60,53,1.24,1,0
Sam Brown,30,Female,Manager,5,47,55,2.71,4,0
Leo Ivanov,55,Male,Sales,2,31,77,4.12,10,0
John Ivanov,40,Female,Engineer,4,53,86,4.2,7,0
Max Wang,55,Female,Manager,28,49,6,4.07,2,0
Alex Kim,44,Male,Engineer,14,43,22,1.24,8,0
Max Petrov,51,Female,Engineer,14,45,19,4.34,9,0
Nina Wang,27,Female,Engineer,3,59,64,2.44,1,0
Nina Johnson,41,Male,Sales,1,40,4,2.35,6,0
Lily Lee,34,Male,Manager,5,50,47,3.82,3,0
Sam Petrov,35,Female,Manager,6,47,89,3.91,4,0
Lily Chen,34,Male,Analyst,8,36,22,2.98,3,0
Lily Lee,51,Male,Manager,3,33,95,4.92,9,0
Lily Lee,47,Male,Analyst,12,36,95,1.02,4,0
Kate Lee,30,Male,Analyst,2,61,97,2.05,4,0
Max Kim,56,Male,Manager,31,59,75,2.71,10,1
Sam Petrov,36,Female,Analyst,11,49,55,1.01,10,0
Max Kim,23,Male,Sales,0,68,95,3.73,7,0
John Brown,46,Female,Analyst,9,54,45,1.17,3,0
Alex Ivanov,29,Female,Manager,7,62,2,3.84,9,0
Nina Chen,24,Female,Manager,0,70,52,2.59,1,0
Kate Garcia,47,Male,Analyst,2,33,85,4.6,2,0
Nina Chen,57,Female,Manager,35,50,92,1.95,8,0
Dina Ivanov,59,Male,HR,20,51,43,3.9,4,0
Kate Kim,27,Female,Engineer,2,50,21,2.96,2,0
Dina Kim,54,Female,Sales,18,52,1,3.25,9,0
Alex Brown,52,Female,Sales,11,52,43,2.64,6,0
Nina Lee,34,Female,Engineer,13,48,43,2.62,5,0
Lily Petrov,34,Male,Manager,12,61,27,4.17,2,0
Kate Ivanov,38,Male,Engineer,1,37,80,2.56,7,0
Sam Johnson,41,Female,Analyst,1,60,55,1.11,2,0
Max Petrov,49,Male,Analyst,28,47,18,1.93,9,0
Kate Garcia,50,Female,Engineer,6,34,62,3.71,4,0
Max Ivanov,39,Male,Sales,18,50,17,3.08,6,0
Sam Kim,34,Female,HR,13,52,49,1.2,9,1
Kate Garcia,43,Male,Sales,18,46,1,2.57,7,0
Leo Wang,37,Male,Engineer,3,54,84,3.64,4,0
Max Lee,33,Male,Analyst,11,69,7,4.43,10,0
Sam Smith,53,Female,Manager,10,45,49,3.09,4,0
Alex Lee,55,Male,Sales,13,68,68,1.9,1,0
Max Chen,40,Female,Engineer,9,52,8,2.74,10,1
Leo Lee,31,Male,HR,3,44,20,4.91,3,0
Ivan Brown,51,Male,Analyst,18,41,45,2.08,5,0
Sam Brown,47,Female,Analyst,4,34,28,2.61,4,0
Max Smith,28,Male,Manager,7,54,7,2.56,5,0
Lily Ivanov,34,Male,Sales,8,34,93,3.68,5,0
John Chen,46,Male,Manager,24,54,88,1.48,2,0
Alex Garcia,54,Female,Analyst,5,47,93,1.33,1,0
Nina Kim,59,Male,Manager,12,55,38,1.97,8,1
Max Ivanov,24,Female,Sales,3,48,2,4.73,6,0
Leo Wang,25,Female,HR,3,48,86,1.63,7,0
Ivan Lee,32,Female,Sales,0,63,2,2.33,10,1
Kate Johnson,34,Male,Engineer,4,47,86,4.72,4,0
Max Garcia,57,Male,Analyst,7,46,83,4.19,9,0
Sam Kim,25,Female,Analyst,4,31,5,3.79,7,0
Dina Petrov,53,Female,HR,25,69,83,1.1,5,0
Nina Kim,58,Female,HR,5,31,37,2.07,10,0
Ivan Petrov,39,Male,Manager,10,70,38,2.3,7,0
Max Garcia,42,Male,Manager,8,58,7,3.03,8,0
Max Ivanov,48,Female,Manager,23,47,37,4.41,9,0
Max Ivanov,28,Male,Analyst,0,56,36,2.41,2,0
Nina Chen,57,Male,Manager,25,56,72,1.03,6,0
Alex Smith,44,Female,Manager,3,36,42,4.72,8,0
Leo Ivanov,45,Male,Engineer,4,58,29,4.86,9,0
John Lee,29,Male,HR,5,37,28,3.3,8,0
Max Lee,22,Male,Sales,1,47,65,3.81,6,0
Alex Wang,53,Female,Analyst,27,68,22,1.65,4,0
Leo Chen,26,Female,Engineer,3,40,66,4.33,9,0
Dina Chen,24,Female,Sales,2,38,8,2.09,8,0
Dina Lee,25,Male,Manager,1,55,100,3.47,4,0
Ivan Garcia,57,Male,Manager,21,47,40,4.36,4,0
Nina Ivanov,39,Male,Sales,0,65,3,1.13,1,0
Leo Brown,24,Male,Sales,1,57,2,2.05,9,1
Ivan Kim,26,Female,Sales,1,35,72,1.44,7,0
Kate Lee,49,Male,Sales,28,55,24,4.12,2,0
John Garcia,57,Female,Engineer,25,46,97,3.29,3,0
Dina Johnson,24,Female,Engineer,0,33,86,2.16,10,0
Ivan Ivanov,40,Female,HR,2,55,53,4.43,1,0
John Kim,33,Female,Sales,6,45,69,2.53,7,0
Ivan Brown,60,Male,Manager,38,32,29,2.09,5,0
Kate Petrov,45,Female,Sales,5,53,48,2.05,10,1
John Ivanov,30,Male,Analyst,5,62,41,3.66,4,0
Alex Garcia,41,Male,Analyst,2,46,28,2.66,7,0
Lily Petrov,37,Male,Engineer,9,58,57,4.74,1,0
Max Kim,41,Female,HR,1,58,72,3.52,3,0
Alex Chen,24,Female,Engineer,1,57,10,1.44,6,0
John Ivanov,29,Female,Manager,5,33,1,4.06,2,0
Alex Lee,35,Female,Manager,11,46,18,3.11,6,0
Alex Smith,58,Female,Engineer,12,58,15,4.64,6,0
Sam Lee,39,Male,Manager,13,46,67,1.21,5,0
Max Johnson,34,Female,Manager,9,65,38,3.39,8,0
Kate Chen,59,Male,Sales,3,33,9,4.98,3,0
Kate Brown,39,Male,Manager,0,36,31,1.32,2,0
Max Lee,45,Female,Analyst,3,59,95,1.19,8,1
Max Ivanov,60,Male,Manager,16,58,14,1.07,5,0
John Johnson,23,Female,HR,0,69,47,2.0,10,1
Nina Lee,42,Female,Sales,18,42,21,2.4,10,0
Lily Petrov,22,Female,Manager,1,65,87,3.25,3,0
Alex Chen,35,Female,Manager,13,70,88,2.2,1,0
Nina Kim,48,Male,HR,23,53,1,4.25,1,0
Max Wang,56,Female,HR,6,43,2,4.54,4,0
Leo Wang,25,Female,Sales,2,36,10,4.73,4,0
John Wang,40,Female,HR,3,33,97,1.75,6,0
Dina Ivanov,26,Male,Manager,5,31,42,2.92,8,0
Lily Lee,38,Male,HR,11,42,38,3.63,2,0
Lily Kim,47,Male,Manager,3,56,5,4.04,8,0
Max Petrov,35,Male,Engineer,3,64,58,1.07,2,0
Nina Lee,24,Male,Manager,1,63,71,2.8,8,1
Sam Garcia,25,Female,Engineer,1,62,8,2.07,2,0
John Ivanov,59,Male,Manager,0,40,56,4.08,4,0
Kate Smith,43,Male,Analyst,1,44,27,4.42,10,0
Nina Johnson,29,Female,Manager,8,59,74,1.59,8,1
Max Chen,49,Male,Analyst,21,46,89,1.08,1,0
Max Brown,49,Male,Analyst,26,30,93,2.45,9,0
Alex Johnson,23,Male,Engineer,2,65,41,1.3,2,0
Sam Brown,59,Female,Engineer,33,58,12,3.87,1,0
Alex Petrov,57,Female,HR,9,31,98,3.91,9,0
Nina Chen,22,Male,HR,0,69,34,4.11,9,0
John Garcia,46,Female,Engineer,22,68,24,3.81,5,0
Lily Wang,47,Male,Engineer,14,61,98,2.42,4,0
Kate Smith,43,Male,Manager,3,33,43,1.35,10,0
Max Ivanov,45,Male,Sales,20,57,50,1.88,10,1
Kate Johnson,54,Male,Analyst,15,54,20,1.62,8,1
Leo Lee,34,Female,Analyst,8,47,84,2.85,10,0
Dina Wang,40,Female,Manager,13,44,48,2.74,2,0
Lily Johnson,48,Female,Engineer,9,66,82,2.68,5,0
Nina Wang,33,Male,Analyst,5,36,77,2.63,5,0
Max Wang,32,Male,Sales,7,52,6,1.54,9,1
Sam Chen,42,Male,HR,13,35,22,4.08,7,0
Nina Smith,47,Male,Engineer,22,52,68,4.01,9,0
Ivan Garcia,51,Female,HR,13,33,74,3.42,2,0
Ivan Garcia,29,Female,Sales,5,42,32,2.28,3,0
Lily Wang,57,Male,Engineer,33,69,31,4.04,4,0
Lily Brown,56,Male,Analyst,25,46,88,4.33,6,0
Leo Lee,40,Female,Manager,2,47,81,4.44,4,0
Nina Brown,60,Male,Manager,31,44,52,2.9,10,0
Alex Chen,47,Female,Sales,5,46,62,2.74,1,0
Leo Chen,53,Female,Analyst,14,57,54,2.79,7,0
Ivan Johnson,30,Male,Sales,9,67,96,2.32,8,1
John Chen,28,Female,HR,1,70,5,3.34,3,0
Lily Lee,55,Female,HR,30,66,72,1.45,2,0
Dina Lee,46,Male,Sales,8,47,41,2.11,4,0
Max Wang,50,Female,HR,12,45,70,1.13,5,0
Nina Petrov,51,Female,Manager,3,47,22,3.61,7,0
Lily Ivanov,56,Female,HR,21,40,54,3.18,9,0
Lily Ivanov,35,Female,Sales,3,62,75,3.04,9,0
Sam Petrov,58,Male,Engineer,7,69,69,3.91,9,0
Alex Brown,40,Female,Analyst,14,60,28,1.89,8,1
Ivan Brown,45,Male,Engineer,3,47,38,2.83,2,0
Sam Wang,30,Male,HR,4,58,5,3.93,2,0
Leo Brown,32,Female,Engineer,10,35,15,3.17,4,0
Lily Lee,56,Female,Analyst,20,61,82,2.49,8,1
Sam Brown,52,Male,HR,2,40,34,3.0,4,0
Max Chen,58,Female,Analyst,22,53,29,4.27,10,0
Sam Chen,39,Male,Manager,17,52,15,4.04,1,0
Lily Smith,41,Female,Manager,11,67,100,4.13,10,0
Lily Smith,38,Male,Analyst,16,66,21,1.59,1,0
Max Ivanov,40,Female,HR,17,36,17,3.64,8,0
Sam Smith,47,Male,Engineer,14,63,90,3.39,6,0
Leo Ivanov,22,Female,Sales,1,69,28,4.72,1,0
John Brown,40,Male,Analyst,10,36,55,2.51,7,0
John Garcia,33,Female,HR,8,63,78,4.51,7,0
Lily Brown,38,Male,Engineer,0,38,40,4.1,9,0
Nina Brown,50,Female,HR,18,62,17,4.57,7,0
Kate Kim,36,Male,Sales,11,65,43,3.94,10,0
Leo Brown,30,Female,Manager,8,46,51,4.78,3,0
Dina Johnson,44,Female,Sales,14,42,59,3.21,2,0
Alex Smith,57,Female,Engineer,20,51,45,2.34,2,0
Lily Chen,39,Male,Analyst,14,49,80,1.29,6,0
John Chen,47,Female,Sales,24,46,34,1.71,5,0
Ivan Ivanov,24,Female,Analyst,3,63,36,2.12,6,0
John Johnson,54,Male,Engineer,15,33,19,1.29,6,0
Alex Petrov,30,Male,Engineer,7,59,67,2.31,4,0
Ivan Smith,43,Female,HR,9,39,18,3.56,2,0
Ivan Brown,53,Female,Manager,3,65,16,4.66,5,0
Dina Johnson,39,Male,Analyst,18,45,31,4.6,5,0
Alex Ivanov,32,Male,Sales,5,39,82,3.96,4,0
Sam Petrov,36,Male,Analyst,13,47,22,1.37,8,0
Kate Johnson,28,Female,Sales,5,39,72,2.7,8,0
Nina Wang,43,Female,Analyst,0,64,69,3.52,1,0
Ivan Smith,56,Male,Analyst,30,50,17,4.17,8,0
Ivan Johnson,45,Male,Manager,20,30,92,2.79,7,0
Leo Ivanov,60,Female,Engineer,36,48,35,3.52,4,0
Kate Wang,33,Female,HR,8,70,81,4.14,5,0
Ivan Wang,56,Male,Engineer,35,46,30,4.07,1,0
Dina Smith,24,Male,HR,3,42,46,4.18,4,0
Max Petrov,30,Female,HR,7,39,76,4.19,6,0
Alex Brown,26,Female,Manager,2,50,10,4.9,10,0
Max Chen,24,Male,Analyst,2,33,59,1.59,2,0
Nina Chen,55,Male,Manager,31,52,33,3.87,2,0
Max Lee,28,Male,Analyst,2,46,0,3.85,8,0
Leo Wang,59,Male,HR,29,65,2,2.47,6,0
John Ivanov,27,Male,Analyst,1,31,86,3.18,10,0
John Petrov,53,Male,Sales,25,59,48,2.09,8,1
Leo Smith,47,Female,Engineer,12,36,54,1.4,2,0
Leo Johnson,56,Male,Analyst,11,52,5,1.38,5,0
Dina Smith,35,Male,HR,1,45,1,3.49,4,0
Ivan Chen,31,Male,Engineer,9,33,88,1.78,6,0
John Garcia,53,Male,HR,26,43,59,3.17,5,0
Sam Smith,32,Female,Manager,0,45,46,3.82,3,0
Alex Lee,36,Female,Sales,11,53,56,4.5,6,0
John Chen,38,Female,Engineer,15,42,47,4.59,5,0
John Brown,29,Male,Engineer,4,70,34,4.42,7,0
Alex Lee,52,Male,HR,10,49,86,4.98,10,0
Dina Smith,30,Female,Manager,5,56,89,4.6,9,0
John Garcia,24,Male,Sales,1,69,7,1.75,1,0
Dina Lee,39,Male,Analyst,2,52,22,3.53,4,0
Dina Garcia,23,Male,Engineer,1,49,53,4.71,5,0
Dina Kim,27,Male,Manager,2,47,32,1.85,1,0
Lily Chen,33,Male,Analyst,8,61,15,2.67,8,1
Leo Kim,49,Male,Sales,26,39,54,4.78,9,0
Max Brown,25,Female,HR,3,63,96,4.88,10,0
John Lee,54,Female,Manager,30,57,47,2.79,10,1
Sam Brown,30,Male,Engineer,5,53,86,2.52,2,0
Leo Wang,23,Male,Analyst,1,46,85,3.61,6,0
Dina Kim,50,Male,HR,27,57,32,4.07,4,0
Alex Ivanov,26,Female,Sales,4,49,41,4.17,4,0
Ivan Wang,46,Female,Manager,13,35,14,1.1,8,0
Nina Lee,36,Female,Sales,3,69,85,3.51,2,0
Alex Johnson,26,Male,HR,2,51,85,1.01,1,0
Ivan Brown,31,Female,Manager,0,57,66,4.29,7,0
Dina Wang,37,Female,Manager,12,58,70,4.68,6,0
Ivan Smith,27,Female,Sales,3,54,0,4.49,6,0
Lily Brown,45,Male,Analyst,0,32,32,3.78,10,0
Leo Ivanov,30,Female,Engineer,7,70,93,2.68,1,0
Leo Brown,41,Female,Manager,4,63,17,3.4,4,0
Alex Brown,23,Female,HR,2,39,20,4.67,9,0
Nina Wang,31,Female,HR,10,39,4,4.1,4,0
Kate Lee,25,Male,HR,0,40,57,2.11,4,0
Lily Petrov,49,Female,Engineer,13,65,22,4.36,8,0
